timestamp,buyer,seller,symbol,currency,price,quantity,day
700,,,ASH_COATED_OSMIUM,XIRECS,9990.0,6,0
900,,,ASH_COATED_OSMIUM,XIRECS,9998.0,2,0
1000,,,INTARIAN_PEPPER_ROOT,XIRECS,9995.0,7,0
2500,,,ASH_COATED_OSMIUM,XIRECS,10011.0,8,0
4000,,,INTARIAN_PEPPER_ROOT,XIRECS,10007.0,7,0
6100,,,ASH_COATED_OSMIUM,XIRECS,10013.0,8,0
10500,,,INTARIAN_PEPPER_ROOT,XIRECS,10013.0,5,0
12600,,,INTARIAN_PEPPER_ROOT,XIRECS,10018.0,3,0
12900,,,ASH_COATED_OSMIUM,XIRECS,10001.0,9,0
13800,,,ASH_COATED_OSMIUM,XIRECS,10017.0,3,0
15000,,,ASH_COATED_OSMIUM,XIRECS,10016.0,3,0
15000,,,INTARIAN_PEPPER_ROOT,XIRECS,10021.0,7,0
15100,,,ASH_COATED_OSMIUM,XIRECS,10016.0,5,0
15600,,,INTARIAN_PEPPER_ROOT,XIRECS,10021.0,3,0
15900,,,ASH_COATED_OSMIUM,XIRECS,9995.0,9,0
17400,,,ASH_COATED_OSMIUM,XIRECS,10014.0,4,0
18400,,,ASH_COATED_OSMIUM,XIRECS,10018.0,4,0
20200,,,INTARIAN_PEPPER_ROOT,XIRECS,10026.0,6,0
21500,,,INTARIAN_PEPPER_ROOT,XIRECS,10027.0,4,0
22600,,,INTARIAN_PEPPER_ROOT,XIRECS,10019.0,3,0
22600,,,INTARIAN_PEPPER_ROOT,XIRECS,10019.0,4,0
24000,,,ASH_COATED_OSMIUM,XIRECS,10013.0,6,0
28200,,,INTARIAN_PEPPER_ROOT,XIRECS,10034.0,6,0
28700,,,ASH_COATED_OSMIUM,XIRECS,10011.0,2,0
28800,,,ASH_COATED_OSMIUM,XIRECS,10011.0,10,0
29300,,,INTARIAN_PEPPER_ROOT,XIRECS,10021.0,6,0
29400,,,INTARIAN_PEPPER_ROOT,XIRECS,10035.0,7,0
30700,,,ASH_COATED_OSMIUM,XIRECS,10012.0,6,0
32400,,,ASH_COATED_OSMIUM,XIRECS,10005.0,4,0
32800,,,INTARIAN_PEPPER_ROOT,XIRECS,10038.0,3,0
33000,,,ASH_COATED_OSMIUM,XIRECS,10013.0,9,0
35200,,,INTARIAN_PEPPER_ROOT,XIRECS,10032.0,5,0
36600,,,ASH_COATED_OSMIUM,XIRECS,9997.0,6,0
36700,,,ASH_COATED_OSMIUM,XIRECS,10012.0,10,0
37900,,,INTARIAN_PEPPER_ROOT,XIRECS,10040.0,4,0
38600,,,INTARIAN_PEPPER_ROOT,XIRECS,10033.0,6,0
40500,,,ASH_COATED_OSMIUM,XIRECS,9997.0,2,0
42000,,,ASH_COATED_OSMIUM,XIRECS,10006.0,4,0
42500,,,INTARIAN_PEPPER_ROOT,XIRECS,10037.0,3,0
44200,,,ASH_COATED_OSMIUM,XIRECS,10014.0,2,0
45600,,,ASH_COATED_OSMIUM,XIRECS,10011.0,4,0
45900,,,INTARIAN_PEPPER_ROOT,XIRECS,10038.0,6,0
46400,,,INTARIAN_PEPPER_ROOT,XIRECS,10049.0,4,0
48000,,,ASH_COATED_OSMIUM,XIRECS,10014.0,10,0
50000,,,ASH_COATED_OSMIUM,XIRECS,10008.0,3,0
50800,,,ASH_COATED_OSMIUM,XIRECS,10015.0,5,0
51400,,,ASH_COATED_OSMIUM,XIRECS,10018.0,8,0
52900,,,INTARIAN_PEPPER_ROOT,XIRECS,10049.0,6,0
53000,,,INTARIAN_PEPPER_ROOT,XIRECS,10049.0,6,0
53800,,,ASH_COATED_OSMIUM,XIRECS,9999.0,10,0
53800,,,INTARIAN_PEPPER_ROOT,XIRECS,10048.0,4,0
55300,,,INTARIAN_PEPPER_ROOT,XIRECS,10052.0,7,0
55900,,,ASH_COATED_OSMIUM,XIRECS,10013.0,6,0
57200,,,INTARIAN_PEPPER_ROOT,XIRECS,10060.0,8,0
57600,,,ASH_COATED_OSMIUM,XIRECS,9998.0,6,0
60900,,,INTARIAN_PEPPER_ROOT,XIRECS,10066.0,6,0
61700,,,INTARIAN_PEPPER_ROOT,XIRECS,10064.0,5,0
64800,,,INTARIAN_PEPPER_ROOT,XIRECS,10059.0,7,0
67300,,,ASH_COATED_OSMIUM,XIRECS,9989.0,8,0
69400,,,ASH_COATED_OSMIUM,XIRECS,9987.0,5,0
71700,,,ASH_COATED_OSMIUM,XIRECS,9990.0,8,0
72400,,,INTARIAN_PEPPER_ROOT,XIRECS,10067.0,5,0
72900,,,ASH_COATED_OSMIUM,XIRECS,9990.0,9,0
73400,,,INTARIAN_PEPPER_ROOT,XIRECS,10079.0,3,0
73900,,,ASH_COATED_OSMIUM,XIRECS,9991.0,7,0
74500,,,ASH_COATED_OSMIUM,XIRECS,10007.0,9,0
76000,,,ASH_COATED_OSMIUM,XIRECS,10008.0,7,0
79600,,,ASH_COATED_OSMIUM,XIRECS,10008.0,6,0
81200,,,ASH_COATED_OSMIUM,XIRECS,9991.0,6,0
84600,,,ASH_COATED_OSMIUM,XIRECS,9990.0,2,0
86100,,,ASH_COATED_OSMIUM,XIRECS,10007.0,6,0
86200,,,ASH_COATED_OSMIUM,XIRECS,9991.0,4,0
86600,,,INTARIAN_PEPPER_ROOT,XIRECS,10083.0,3,0
88100,,,INTARIAN_PEPPER_ROOT,XIRECS,10094.0,6,0
89000,,,INTARIAN_PEPPER_ROOT,XIRECS,10095.0,6,0
91200,,,INTARIAN_PEPPER_ROOT,XIRECS,10086.0,5,0
91900,,,INTARIAN_PEPPER_ROOT,XIRECS,10084.0,7,0
94000,,,ASH_COATED_OSMIUM,XIRECS,10004.0,8,0
94400,,,ASH_COATED_OSMIUM,XIRECS,10004.0,3,0
96300,,,ASH_COATED_OSMIUM,XIRECS,10006.0,8,0
97200,,,ASH_COATED_OSMIUM,XIRECS,9994.0,4,0
97600,,,ASH_COATED_OSMIUM,XIRECS,9999.0,3,0
98200,,,ASH_COATED_OSMIUM,XIRECS,9990.0,3,0
98600,,,INTARIAN_PEPPER_ROOT,XIRECS,10101.0,3,0
100100,,,ASH_COATED_OSMIUM,XIRECS,9993.0,3,0
101700,,,ASH_COATED_OSMIUM,XIRECS,10001.0,5,0
102000,,,INTARIAN_PEPPER_ROOT,XIRECS,10096.0,7,0
103900,,,ASH_COATED_OSMIUM,XIRECS,10004.0,4,0
105100,,,ASH_COATED_OSMIUM,XIRECS,9990.0,8,0
105200,,,ASH_COATED_OSMIUM,XIRECS,10005.0,3,0
106000,,,ASH_COATED_OSMIUM,XIRECS,9989.0,4,0
107900,,,ASH_COATED_OSMIUM,XIRECS,9991.0,6,0
108200,,,INTARIAN_PEPPER_ROOT,XIRECS,10114.0,6,0
108800,,,ASH_COATED_OSMIUM,XIRECS,9990.0,9,0
111800,,,ASH_COATED_OSMIUM,XIRECS,9989.0,6,0
113300,,,ASH_COATED_OSMIUM,XIRECS,9995.0,5,0
113500,,,ASH_COATED_OSMIUM,XIRECS,10010.0,4,0
114100,,,ASH_COATED_OSMIUM,XIRECS,10011.0,10,0
114500,,,INTARIAN_PEPPER_ROOT,XIRECS,10120.0,4,0
117700,,,INTARIAN_PEPPER_ROOT,XIRECS,10114.0,8,0
118900,,,ASH_COATED_OSMIUM,XIRECS,9993.0,3,0
119100,,,ASH_COATED_OSMIUM,XIRECS,10010.0,4,0
120000,,,ASH_COATED_OSMIUM,XIRECS,10010.0,8,0
120900,,,ASH_COATED_OSMIUM,XIRECS,10010.0,6,0
122900,,,ASH_COATED_OSMIUM,XIRECS,9991.0,3,0
123300,,,INTARIAN_PEPPER_ROOT,XIRECS,10129.0,4,0
125200,,,ASH_COATED_OSMIUM,XIRECS,10007.0,3,0
125400,,,ASH_COATED_OSMIUM,XIRECS,9990.0,3,0
129400,,,INTARIAN_PEPPER_ROOT,XIRECS,10132.0,5,0
130000,,,INTARIAN_PEPPER_ROOT,XIRECS,10124.0,4,0
131400,,,INTARIAN_PEPPER_ROOT,XIRECS,10139.0,5,0
133100,,,ASH_COATED_OSMIUM,XIRECS,9991.0,8,0
134600,,,INTARIAN_PEPPER_ROOT,XIRECS,10129.0,5,0
135800,,,ASH_COATED_OSMIUM,XIRECS,9992.0,2,0
136200,,,INTARIAN_PEPPER_ROOT,XIRECS,10139.0,7,0
137500,,,ASH_COATED_OSMIUM,XIRECS,9992.0,5,0
139000,,,ASH_COATED_OSMIUM,XIRECS,9988.0,6,0
141800,,,INTARIAN_PEPPER_ROOT,XIRECS,10136.0,5,0
144100,,,INTARIAN_PEPPER_ROOT,XIRECS,10136.0,3,0
148600,,,INTARIAN_PEPPER_ROOT,XIRECS,10154.0,7,0
149300,,,INTARIAN_PEPPER_ROOT,XIRECS,10144.0,3,0
149800,,,ASH_COATED_OSMIUM,XIRECS,10007.0,6,0
155500,,,INTARIAN_PEPPER_ROOT,XIRECS,10152.0,4,0
156300,,,INTARIAN_PEPPER_ROOT,XIRECS,10151.0,3,0
156800,,,INTARIAN_PEPPER_ROOT,XIRECS,10159.0,3,0
157000,,,ASH_COATED_OSMIUM,XIRECS,10005.0,3,0
159700,,,INTARIAN_PEPPER_ROOT,XIRECS,10156.0,7,0
160300,,,ASH_COATED_OSMIUM,XIRECS,10004.0,5,0
161600,,,ASH_COATED_OSMIUM,XIRECS,10005.0,2,0
165400,,,INTARIAN_PEPPER_ROOT,XIRECS,10171.0,4,0
169300,,,INTARIAN_PEPPER_ROOT,XIRECS,10164.0,3,0
173600,,,ASH_COATED_OSMIUM,XIRECS,9992.0,5,0
174200,,,ASH_COATED_OSMIUM,XIRECS,10007.0,3,0
175000,,,ASH_COATED_OSMIUM,XIRECS,9998.0,3,0
175000,,,INTARIAN_PEPPER_ROOT,XIRECS,10181.0,3,0
175400,,,ASH_COATED_OSMIUM,XIRECS,10011.0,4,0
178600,,,INTARIAN_PEPPER_ROOT,XIRECS,10175.0,4,0
179600,,,ASH_COATED_OSMIUM,XIRECS,10009.0,10,0
183600,,,ASH_COATED_OSMIUM,XIRECS,10010.0,10,0
184400,,,ASH_COATED_OSMIUM,XIRECS,10010.0,5,0
184500,,,INTARIAN_PEPPER_ROOT,XIRECS,10190.0,7,0
184800,,,ASH_COATED_OSMIUM,XIRECS,9993.0,2,0
184900,,,INTARIAN_PEPPER_ROOT,XIRECS,10177.0,3,0
185600,,,INTARIAN_PEPPER_ROOT,XIRECS,10191.0,5,0
186400,,,ASH_COATED_OSMIUM,XIRECS,9992.0,5,0
189700,,,INTARIAN_PEPPER_ROOT,XIRECS,10192.0,6,0
190100,,,ASH_COATED_OSMIUM,XIRECS,10009.0,3,0
190200,,,INTARIAN_PEPPER_ROOT,XIRECS,10196.0,3,0
190800,,,ASH_COATED_OSMIUM,XIRECS,9991.0,6,0
192800,,,ASH_COATED_OSMIUM,XIRECS,10006.0,5,0
193900,,,INTARIAN_PEPPER_ROOT,XIRECS,10199.0,6,0
194700,,,ASH_COATED_OSMIUM,XIRECS,9989.0,9,0
197100,,,ASH_COATED_OSMIUM,XIRECS,9987.0,3,0
200600,,,ASH_COATED_OSMIUM,XIRECS,10000.0,6,0
202400,,,INTARIAN_PEPPER_ROOT,XIRECS,10197.0,6,0
202700,,,ASH_COATED_OSMIUM,XIRECS,9987.0,2,0
203300,,,INTARIAN_PEPPER_ROOT,XIRECS,10198.0,6,0
203500,,,ASH_COATED_OSMIUM,XIRECS,9996.0,3,0
205000,,,INTARIAN_PEPPER_ROOT,XIRECS,10208.0,7,0
206100,,,INTARIAN_PEPPER_ROOT,XIRECS,10203.0,6,0
206400,,,INTARIAN_PEPPER_ROOT,XIRECS,10203.0,4,0
206500,,,ASH_COATED_OSMIUM,XIRECS,9985.0,3,0
207300,,,INTARIAN_PEPPER_ROOT,XIRECS,10202.0,5,0
207600,,,ASH_COATED_OSMIUM,XIRECS,10003.0,2,0
208200,,,INTARIAN_PEPPER_ROOT,XIRECS,10203.0,7,0
208500,,,ASH_COATED_OSMIUM,XIRECS,10003.0,9,0
208700,,,INTARIAN_PEPPER_ROOT,XIRECS,10203.0,4,0
210300,,,INTARIAN_PEPPER_ROOT,XIRECS,10216.0,5,0
211000,,,ASH_COATED_OSMIUM,XIRECS,9987.0,2,0
212300,,,INTARIAN_PEPPER_ROOT,XIRECS,10218.0,6,0
216000,,,ASH_COATED_OSMIUM,XIRECS,9990.0,6,0
216600,,,ASH_COATED_OSMIUM,XIRECS,10006.0,5,0
218400,,,INTARIAN_PEPPER_ROOT,XIRECS,10213.0,7,0
219700,,,INTARIAN_PEPPER_ROOT,XIRECS,10225.0,3,0
219900,,,INTARIAN_PEPPER_ROOT,XIRECS,10214.0,3,0
220300,,,ASH_COATED_OSMIUM,XIRECS,10000.0,2,0
221200,,,ASH_COATED_OSMIUM,XIRECS,9992.0,3,0
221200,,,INTARIAN_PEPPER_ROOT,XIRECS,10218.0,8,0
221600,,,INTARIAN_PEPPER_ROOT,XIRECS,10227.0,6,0
224200,,,ASH_COATED_OSMIUM,XIRECS,10009.0,4,0
225400,,,INTARIAN_PEPPER_ROOT,XIRECS,10228.0,3,0
225700,,,ASH_COATED_OSMIUM,XIRECS,10007.0,4,0
226400,,,INTARIAN_PEPPER_ROOT,XIRECS,10232.0,5,0
231300,,,INTARIAN_PEPPER_ROOT,XIRECS,10234.0,7,0
231500,,,INTARIAN_PEPPER_ROOT,XIRECS,10226.0,5,0
231600,,,INTARIAN_PEPPER_ROOT,XIRECS,10237.0,4,0
232000,,,ASH_COATED_OSMIUM,XIRECS,10006.0,4,0
232100,,,ASH_COATED_OSMIUM,XIRECS,9990.0,2,0
234600,,,INTARIAN_PEPPER_ROOT,XIRECS,10229.0,5,0
235900,,,INTARIAN_PEPPER_ROOT,XIRECS,10244.0,6,0
236400,,,ASH_COATED_OSMIUM,XIRECS,10006.0,9,0
236600,,,ASH_COATED_OSMIUM,XIRECS,9990.0,10,0
236800,,,ASH_COATED_OSMIUM,XIRECS,10006.0,2,0
241600,,,INTARIAN_PEPPER_ROOT,XIRECS,10247.0,7,0
242400,,,ASH_COATED_OSMIUM,XIRECS,10008.0,5,0
242600,,,ASH_COATED_OSMIUM,XIRECS,10005.0,4,0
243300,,,INTARIAN_PEPPER_ROOT,XIRECS,10246.0,4,0
244000,,,ASH_COATED_OSMIUM,XIRECS,10005.0,2,0
245900,,,ASH_COATED_OSMIUM,XIRECS,9990.0,3,0
246100,,,INTARIAN_PEPPER_ROOT,XIRECS,10240.0,5,0
248400,,,INTARIAN_PEPPER_ROOT,XIRECS,10257.0,7,0
249700,,,ASH_COATED_OSMIUM,XIRECS,9990.0,4,0
250000,,,INTARIAN_PEPPER_ROOT,XIRECS,10244.0,5,0
250900,,,INTARIAN_PEPPER_ROOT,XIRECS,10257.0,7,0
253000,,,ASH_COATED_OSMIUM,XIRECS,10007.0,2,0
253000,,,INTARIAN_PEPPER_ROOT,XIRECS,10249.0,4,0
254100,,,ASH_COATED_OSMIUM,XIRECS,10000.0,4,0
254400,,,ASH_COATED_OSMIUM,XIRECS,9995.0,2,0
255200,,,ASH_COATED_OSMIUM,XIRECS,9989.0,2,0
257500,,,ASH_COATED_OSMIUM,XIRECS,10004.0,5,0
260000,,,ASH_COATED_OSMIUM,XIRECS,10003.0,7,0
260800,,,ASH_COATED_OSMIUM,XIRECS,9987.0,3,0
261600,,,ASH_COATED_OSMIUM,XIRECS,10003.0,4,0
262700,,,INTARIAN_PEPPER_ROOT,XIRECS,10265.0,3,0
263500,,,ASH_COATED_OSMIUM,XIRECS,9986.0,3,0
264000,,,INTARIAN_PEPPER_ROOT,XIRECS,10260.0,6,0
265700,,,INTARIAN_PEPPER_ROOT,XIRECS,10274.0,4,0
268700,,,INTARIAN_PEPPER_ROOT,XIRECS,10265.0,5,0
269500,,,ASH_COATED_OSMIUM,XIRECS,10002.0,2,0
274300,,,ASH_COATED_OSMIUM,XIRECS,9985.0,5,0
275500,,,INTARIAN_PEPPER_ROOT,XIRECS,10270.0,6,0
281200,,,ASH_COATED_OSMIUM,XIRECS,9983.0,3,0
281300,,,ASH_COATED_OSMIUM,XIRECS,9983.0,4,0
281600,,,ASH_COATED_OSMIUM,XIRECS,10000.0,5,0
282300,,,INTARIAN_PEPPER_ROOT,XIRECS,10277.0,5,0
282600,,,ASH_COATED_OSMIUM,XIRECS,10002.0,6,0
283000,,,INTARIAN_PEPPER_ROOT,XIRECS,10289.0,5,0
285400,,,ASH_COATED_OSMIUM,XIRECS,9987.0,10,0
286200,,,INTARIAN_PEPPER_ROOT,XIRECS,10292.0,4,0
288300,,,ASH_COATED_OSMIUM,XIRECS,10001.0,7,0
288800,,,INTARIAN_PEPPER_ROOT,XIRECS,10283.0,5,0
289000,,,INTARIAN_PEPPER_ROOT,XIRECS,10292.0,5,0
289400,,,ASH_COATED_OSMIUM,XIRECS,9986.0,6,0
291200,,,ASH_COATED_OSMIUM,XIRECS,9986.0,7,0
292200,,,ASH_COATED_OSMIUM,XIRECS,9986.0,2,0
292300,,,INTARIAN_PEPPER_ROOT,XIRECS,10298.0,7,0
295100,,,INTARIAN_PEPPER_ROOT,XIRECS,10292.0,7,0
295400,,,ASH_COATED_OSMIUM,XIRECS,10001.0,6,0
297600,,,ASH_COATED_OSMIUM,XIRECS,10003.0,6,0
298600,,,ASH_COATED_OSMIUM,XIRECS,10006.0,2,0
298900,,,INTARIAN_PEPPER_ROOT,XIRECS,10291.0,3,0
300000,,,ASH_COATED_OSMIUM,XIRECS,10000.0,6,0
300900,,,ASH_COATED_OSMIUM,XIRECS,9982.0,10,0
301900,,,INTARIAN_PEPPER_ROOT,XIRECS,10310.0,7,0
302000,,,ASH_COATED_OSMIUM,XIRECS,9981.0,6,0
303700,,,ASH_COATED_OSMIUM,XIRECS,10000.0,5,0
304000,,,ASH_COATED_OSMIUM,XIRECS,10000.0,5,0
306100,,,ASH_COATED_OSMIUM,XIRECS,9985.0,9,0
306400,,,ASH_COATED_OSMIUM,XIRECS,10001.0,7,0
311700,,,INTARIAN_PEPPER_ROOT,XIRECS,10317.0,7,0
313600,,,INTARIAN_PEPPER_ROOT,XIRECS,10310.0,4,0
313700,,,ASH_COATED_OSMIUM,XIRECS,10000.0,4,0
314200,,,ASH_COATED_OSMIUM,XIRECS,10000.0,4,0
314500,,,INTARIAN_PEPPER_ROOT,XIRECS,10309.0,5,0
314800,,,INTARIAN_PEPPER_ROOT,XIRECS,10311.0,4,0
315300,,,ASH_COATED_OSMIUM,XIRECS,10000.0,6,0
316200,,,ASH_COATED_OSMIUM,XIRECS,9985.0,3,0
318800,,,ASH_COATED_OSMIUM,XIRECS,9986.0,7,0
321000,,,INTARIAN_PEPPER_ROOT,XIRECS,10317.0,6,0
321100,,,ASH_COATED_OSMIUM,XIRECS,10002.0,6,0
324600,,,ASH_COATED_OSMIUM,XIRECS,10002.0,6,0
324800,,,INTARIAN_PEPPER_ROOT,XIRECS,10319.0,4,0
326300,,,INTARIAN_PEPPER_ROOT,XIRECS,10321.0,7,0
329100,,,INTARIAN_PEPPER_ROOT,XIRECS,10332.0,6,0
330800,,,ASH_COATED_OSMIUM,XIRECS,9982.0,6,0
333400,,,ASH_COATED_OSMIUM,XIRECS,9983.0,10,0
333600,,,ASH_COATED_OSMIUM,XIRECS,9999.0,5,0
334500,,,INTARIAN_PEPPER_ROOT,XIRECS,10331.0,5,0
336400,,,INTARIAN_PEPPER_ROOT,XIRECS,10342.0,5,0
340200,,,INTARIAN_PEPPER_ROOT,XIRECS,10348.0,3,0
342200,,,INTARIAN_PEPPER_ROOT,XIRECS,10350.0,7,0
344500,,,INTARIAN_PEPPER_ROOT,XIRECS,10339.0,7,0
344500,,,INTARIAN_PEPPER_ROOT,XIRECS,10341.0,8,0
345500,,,INTARIAN_PEPPER_ROOT,XIRECS,10340.0,6,0
346700,,,ASH_COATED_OSMIUM,XIRECS,9979.0,3,0
346700,,,INTARIAN_PEPPER_ROOT,XIRECS,10338.0,3,0
347100,,,INTARIAN_PEPPER_ROOT,XIRECS,10355.0,7,0
348000,,,INTARIAN_PEPPER_ROOT,XIRECS,10351.0,4,0
349500,,,ASH_COATED_OSMIUM,XIRECS,9999.0,6,0
349500,,,INTARIAN_PEPPER_ROOT,XIRECS,10344.0,7,0
350200,,,INTARIAN_PEPPER_ROOT,XIRECS,10356.0,5,0
351800,,,ASH_COATED_OSMIUM,XIRECS,10003.0,4,0
352000,,,INTARIAN_PEPPER_ROOT,XIRECS,10355.0,8,0
354200,,,ASH_COATED_OSMIUM,XIRECS,9986.0,6,0
354700,,,ASH_COATED_OSMIUM,XIRECS,10003.0,4,0
355900,,,ASH_COATED_OSMIUM,XIRECS,10006.0,6,0
357200,,,INTARIAN_PEPPER_ROOT,XIRECS,10352.0,6,0
358100,,,INTARIAN_PEPPER_ROOT,XIRECS,10360.0,7,0
361700,,,ASH_COATED_OSMIUM,XIRECS,10005.0,2,0
362100,,,INTARIAN_PEPPER_ROOT,XIRECS,10356.0,6,0
363400,,,INTARIAN_PEPPER_ROOT,XIRECS,10358.0,5,0
364000,,,ASH_COATED_OSMIUM,XIRECS,10007.0,9,0
367100,,,ASH_COATED_OSMIUM,XIRECS,10007.0,5,0
368100,,,ASH_COATED_OSMIUM,XIRECS,10009.0,6,0
370400,,,ASH_COATED_OSMIUM,XIRECS,9993.0,6,0
370700,,,ASH_COATED_OSMIUM,XIRECS,9993.0,8,0
372600,,,ASH_COATED_OSMIUM,XIRECS,9990.0,6,0
372700,,,INTARIAN_PEPPER_ROOT,XIRECS,10364.0,3,0
377700,,,INTARIAN_PEPPER_ROOT,XIRECS,10383.0,6,0
377800,,,ASH_COATED_OSMIUM,XIRECS,10008.0,7,0
379600,,,ASH_COATED_OSMIUM,XIRECS,9994.0,2,0
382000,,,INTARIAN_PEPPER_ROOT,XIRECS,10388.0,5,0
383600,,,INTARIAN_PEPPER_ROOT,XIRECS,10380.0,3,0
385000,,,ASH_COATED_OSMIUM,XIRECS,10005.0,4,0
387100,,,ASH_COATED_OSMIUM,XIRECS,10010.0,3,0
387100,,,ASH_COATED_OSMIUM,XIRECS,9994.0,5,0
387800,,,INTARIAN_PEPPER_ROOT,XIRECS,10393.0,5,0
388800,,,INTARIAN_PEPPER_ROOT,XIRECS,10383.0,3,0
390000,,,ASH_COATED_OSMIUM,XIRECS,9995.0,5,0
391500,,,ASH_COATED_OSMIUM,XIRECS,9992.0,7,0
394100,,,ASH_COATED_OSMIUM,XIRECS,10013.0,7,0
394900,,,INTARIAN_PEPPER_ROOT,XIRECS,10387.0,7,0
395400,,,INTARIAN_PEPPER_ROOT,XIRECS,10398.0,7,0
395900,,,ASH_COATED_OSMIUM,XIRECS,9996.0,3,0
396000,,,INTARIAN_PEPPER_ROOT,XIRECS,10390.0,4,0
396400,,,ASH_COATED_OSMIUM,XIRECS,9996.0,8,0
399900,,,ASH_COATED_OSMIUM,XIRECS,9995.0,9,0
401400,,,ASH_COATED_OSMIUM,XIRECS,9995.0,6,0
402300,,,ASH_COATED_OSMIUM,XIRECS,10014.0,7,0
402600,,,INTARIAN_PEPPER_ROOT,XIRECS,10394.0,3,0
402900,,,INTARIAN_PEPPER_ROOT,XIRECS,10397.0,7,0
403200,,,ASH_COATED_OSMIUM,XIRECS,9999.0,5,0
403700,,,INTARIAN_PEPPER_ROOT,XIRECS,10395.0,5,0
404200,,,ASH_COATED_OSMIUM,XIRECS,10010.0,6,0
407200,,,INTARIAN_PEPPER_ROOT,XIRECS,10404.0,7,0
407500,,,INTARIAN_PEPPER_ROOT,XIRECS,10413.0,5,0
410900,,,INTARIAN_PEPPER_ROOT,XIRECS,10417.0,3,0
412200,,,ASH_COATED_OSMIUM,XIRECS,9997.0,2,0
413000,,,INTARIAN_PEPPER_ROOT,XIRECS,10416.0,3,0
414900,,,ASH_COATED_OSMIUM,XIRECS,9998.0,8,0
416800,,,ASH_COATED_OSMIUM,XIRECS,10018.0,9,0
417000,,,ASH_COATED_OSMIUM,XIRECS,10000.0,6,0
418000,,,ASH_COATED_OSMIUM,XIRECS,10018.0,6,0
419500,,,INTARIAN_PEPPER_ROOT,XIRECS,10425.0,6,0
430400,,,INTARIAN_PEPPER_ROOT,XIRECS,10422.0,5,0
433200,,,INTARIAN_PEPPER_ROOT,XIRECS,10439.0,7,0
433600,,,INTARIAN_PEPPER_ROOT,XIRECS,10442.0,7,0
434800,,,INTARIAN_PEPPER_ROOT,XIRECS,10441.0,4,0
436300,,,ASH_COATED_OSMIUM,XIRECS,9999.0,3,0
438600,,,ASH_COATED_OSMIUM,XIRECS,9995.0,6,0
439300,,,ASH_COATED_OSMIUM,XIRECS,9992.0,10,0
441100,,,ASH_COATED_OSMIUM,XIRECS,9994.0,7,0
442400,,,INTARIAN_PEPPER_ROOT,XIRECS,10439.0,8,0
443400,,,INTARIAN_PEPPER_ROOT,XIRECS,10440.0,6,0
444100,,,ASH_COATED_OSMIUM,XIRECS,10008.0,4,0
447000,,,ASH_COATED_OSMIUM,XIRECS,10009.0,9,0
449800,,,ASH_COATED_OSMIUM,XIRECS,9989.0,3,0
450700,,,ASH_COATED_OSMIUM,XIRECS,10007.0,6,0
452000,,,ASH_COATED_OSMIUM,XIRECS,10006.0,2,0
453900,,,ASH_COATED_OSMIUM,XIRECS,9992.0,2,0
454100,,,ASH_COATED_OSMIUM,XIRECS,10007.0,6,0
454200,,,ASH_COATED_OSMIUM,XIRECS,9997.0,3,0
454800,,,ASH_COATED_OSMIUM,XIRECS,9993.0,4,0
455100,,,ASH_COATED_OSMIUM,XIRECS,9993.0,7,0
455800,,,ASH_COATED_OSMIUM,XIRECS,9993.0,5,0
457900,,,INTARIAN_PEPPER_ROOT,XIRECS,10452.0,4,0
460600,,,ASH_COATED_OSMIUM,XIRECS,10010.0,6,0
461000,,,INTARIAN_PEPPER_ROOT,XIRECS,10467.0,5,0
462400,,,ASH_COATED_OSMIUM,XIRECS,10010.0,6,0
463200,,,ASH_COATED_OSMIUM,XIRECS,9993.0,3,0
467000,,,INTARIAN_PEPPER_ROOT,XIRECS,10473.0,6,0
468800,,,INTARIAN_PEPPER_ROOT,XIRECS,10463.0,6,0
469100,,,INTARIAN_PEPPER_ROOT,XIRECS,10463.0,3,0
469900,,,ASH_COATED_OSMIUM,XIRECS,9992.0,2,0
472500,,,ASH_COATED_OSMIUM,XIRECS,9994.0,5,0
472900,,,INTARIAN_PEPPER_ROOT,XIRECS,10467.0,3,0
473000,,,ASH_COATED_OSMIUM,XIRECS,10010.0,5,0
473700,,,INTARIAN_PEPPER_ROOT,XIRECS,10468.0,3,0
475500,,,INTARIAN_PEPPER_ROOT,XIRECS,10481.0,7,0
475900,,,ASH_COATED_OSMIUM,XIRECS,10009.0,5,0
478200,,,INTARIAN_PEPPER_ROOT,XIRECS,10481.0,6,0
479000,,,ASH_COATED_OSMIUM,XIRECS,9991.0,2,0
479500,,,ASH_COATED_OSMIUM,XIRECS,10010.0,4,0
481100,,,ASH_COATED_OSMIUM,XIRECS,9995.0,3,0
481300,,,INTARIAN_PEPPER_ROOT,XIRECS,10490.0,4,0
481400,,,ASH_COATED_OSMIUM,XIRECS,9994.0,6,0
483200,,,ASH_COATED_OSMIUM,XIRECS,10011.0,3,0
485200,,,ASH_COATED_OSMIUM,XIRECS,10012.0,4,0
486000,,,ASH_COATED_OSMIUM,XIRECS,9992.0,4,0
487400,,,INTARIAN_PEPPER_ROOT,XIRECS,10493.0,6,0
489600,,,INTARIAN_PEPPER_ROOT,XIRECS,10486.0,6,0
491100,,,ASH_COATED_OSMIUM,XIRECS,10003.0,2,0
493600,,,ASH_COATED_OSMIUM,XIRECS,9986.0,3,0
495400,,,ASH_COATED_OSMIUM,XIRECS,10005.0,3,0
496700,,,ASH_COATED_OSMIUM,XIRECS,9988.0,3,0
498400,,,ASH_COATED_OSMIUM,XIRECS,9985.0,4,0
499700,,,ASH_COATED_OSMIUM,XIRECS,10002.0,9,0
501200,,,INTARIAN_PEPPER_ROOT,XIRECS,10507.0,5,0
502300,,,INTARIAN_PEPPER_ROOT,XIRECS,10497.0,3,0
503300,,,ASH_COATED_OSMIUM,XIRECS,9983.0,3,0
504200,,,ASH_COATED_OSMIUM,XIRECS,9986.0,6,0
505500,,,INTARIAN_PEPPER_ROOT,XIRECS,10511.0,5,0
506600,,,ASH_COATED_OSMIUM,XIRECS,9984.0,7,0
507600,,,INTARIAN_PEPPER_ROOT,XIRECS,10513.0,3,0
508100,,,INTARIAN_PEPPER_ROOT,XIRECS,10511.0,6,0
509500,,,INTARIAN_PEPPER_ROOT,XIRECS,10504.0,5,0
511400,,,INTARIAN_PEPPER_ROOT,XIRECS,10508.0,3,0
512000,,,INTARIAN_PEPPER_ROOT,XIRECS,10506.0,3,0
512400,,,ASH_COATED_OSMIUM,XIRECS,10000.0,7,0
514700,,,INTARIAN_PEPPER_ROOT,XIRECS,10509.0,7,0
515100,,,ASH_COATED_OSMIUM,XIRECS,9984.0,6,0
515800,,,ASH_COATED_OSMIUM,XIRECS,9982.0,6,0
516500,,,ASH_COATED_OSMIUM,XIRECS,9997.0,3,0
517000,,,ASH_COATED_OSMIUM,XIRECS,9998.0,4,0
520500,,,INTARIAN_PEPPER_ROOT,XIRECS,10515.0,6,0
522200,,,INTARIAN_PEPPER_ROOT,XIRECS,10516.0,6,0
523000,,,INTARIAN_PEPPER_ROOT,XIRECS,10519.0,8,0
524900,,,ASH_COATED_OSMIUM,XIRECS,9986.0,3,0
525600,,,ASH_COATED_OSMIUM,XIRECS,9986.0,8,0
526200,,,INTARIAN_PEPPER_ROOT,XIRECS,10523.0,3,0
526400,,,ASH_COATED_OSMIUM,XIRECS,10006.0,4,0
526900,,,ASH_COATED_OSMIUM,XIRECS,9986.0,6,0
528000,,,INTARIAN_PEPPER_ROOT,XIRECS,10524.0,4,0
528200,,,ASH_COATED_OSMIUM,XIRECS,9986.0,4,0
528400,,,ASH_COATED_OSMIUM,XIRECS,10002.0,6,0
529500,,,ASH_COATED_OSMIUM,XIRECS,9987.0,9,0
530100,,,INTARIAN_PEPPER_ROOT,XIRECS,10533.0,6,0
530500,,,ASH_COATED_OSMIUM,XIRECS,10003.0,4,0
531300,,,ASH_COATED_OSMIUM,XIRECS,9987.0,6,0
532800,,,ASH_COATED_OSMIUM,XIRECS,9992.0,2,0
532900,,,ASH_COATED_OSMIUM,XIRECS,10002.0,4,0
533500,,,INTARIAN_PEPPER_ROOT,XIRECS,10528.0,7,0
533800,,,INTARIAN_PEPPER_ROOT,XIRECS,10540.0,6,0
534200,,,ASH_COATED_OSMIUM,XIRECS,9986.0,6,0
535700,,,INTARIAN_PEPPER_ROOT,XIRECS,10532.0,5,0
537900,,,ASH_COATED_OSMIUM,XIRECS,9985.0,10,0
537900,,,INTARIAN_PEPPER_ROOT,XIRECS,10540.0,6,0
539300,,,ASH_COATED_OSMIUM,XIRECS,10003.0,8,0
543000,,,INTARIAN_PEPPER_ROOT,XIRECS,10546.0,7,0
543700,,,ASH_COATED_OSMIUM,XIRECS,9984.0,6,0
543700,,,ASH_COATED_OSMIUM,XIRECS,9984.0,6,0
543900,,,ASH_COATED_OSMIUM,XIRECS,9984.0,2,0
545000,,,INTARIAN_PEPPER_ROOT,XIRECS,10551.0,7,0
545500,,,ASH_COATED_OSMIUM,XIRECS,9992.0,3,0
546300,,,ASH_COATED_OSMIUM,XIRECS,10001.0,3,0
546800,,,INTARIAN_PEPPER_ROOT,XIRECS,10553.0,7,0
547100,,,INTARIAN_PEPPER_ROOT,XIRECS,10543.0,5,0
547500,,,ASH_COATED_OSMIUM,XIRECS,9982.0,8,0
547700,,,INTARIAN_PEPPER_ROOT,XIRECS,10553.0,7,0
548400,,,ASH_COATED_OSMIUM,XIRECS,9979.0,9,0
549600,,,ASH_COATED_OSMIUM,XIRECS,9998.0,5,0
550400,,,INTARIAN_PEPPER_ROOT,XIRECS,10559.0,7,0
551300,,,ASH_COATED_OSMIUM,XIRECS,9984.0,5,0
554800,,,ASH_COATED_OSMIUM,XIRECS,9998.0,2,0
556700,,,ASH_COATED_OSMIUM,XIRECS,9984.0,6,0
557600,,,ASH_COATED_OSMIUM,XIRECS,9999.0,4,0
560900,,,INTARIAN_PEPPER_ROOT,XIRECS,10567.0,7,0
565000,,,ASH_COATED_OSMIUM,XIRECS,9999.0,4,0
566200,,,ASH_COATED_OSMIUM,XIRECS,9983.0,10,0
567300,,,ASH_COATED_OSMIUM,XIRECS,10001.0,8,0
570300,,,INTARIAN_PEPPER_ROOT,XIRECS,10565.0,4,0
571800,,,ASH_COATED_OSMIUM,XIRECS,9986.0,3,0
571800,,,INTARIAN_PEPPER_ROOT,XIRECS,10574.0,3,0
573700,,,ASH_COATED_OSMIUM,XIRECS,9988.0,10,0
573900,,,ASH_COATED_OSMIUM,XIRECS,10007.0,5,0
574400,,,INTARIAN_PEPPER_ROOT,XIRECS,10577.0,6,0
574500,,,ASH_COATED_OSMIUM,XIRECS,10007.0,6,0
575600,,,INTARIAN_PEPPER_ROOT,XIRECS,10570.0,5,0
578700,,,ASH_COATED_OSMIUM,XIRECS,9993.0,4,0
583100,,,INTARIAN_PEPPER_ROOT,XIRECS,10589.0,5,0
583300,,,ASH_COATED_OSMIUM,XIRECS,9987.0,6,0
585300,,,INTARIAN_PEPPER_ROOT,XIRECS,10580.0,7,0
586100,,,INTARIAN_PEPPER_ROOT,XIRECS,10592.0,6,0
586900,,,INTARIAN_PEPPER_ROOT,XIRECS,10581.0,6,0
587000,,,ASH_COATED_OSMIUM,XIRECS,9999.0,6,0
590600,,,INTARIAN_PEPPER_ROOT,XIRECS,10596.0,5,0
593300,,,INTARIAN_PEPPER_ROOT,XIRECS,10588.0,3,0
597300,,,INTARIAN_PEPPER_ROOT,XIRECS,10603.0,3,0
597600,,,INTARIAN_PEPPER_ROOT,XIRECS,10592.0,4,0
599500,,,ASH_COATED_OSMIUM,XIRECS,9996.0,3,0
601400,,,INTARIAN_PEPPER_ROOT,XIRECS,10596.0,6,0
601700,,,INTARIAN_PEPPER_ROOT,XIRECS,10610.0,3,0
606100,,,ASH_COATED_OSMIUM,XIRECS,9983.0,4,0
609200,,,INTARIAN_PEPPER_ROOT,XIRECS,10618.0,3,0
609300,,,ASH_COATED_OSMIUM,XIRECS,9983.0,6,0
610400,,,INTARIAN_PEPPER_ROOT,XIRECS,10613.0,7,0
610500,,,ASH_COATED_OSMIUM,XIRECS,9996.0,4,0
611200,,,INTARIAN_PEPPER_ROOT,XIRECS,10608.0,4,0
611500,,,ASH_COATED_OSMIUM,XIRECS,9986.0,8,0
612200,,,ASH_COATED_OSMIUM,XIRECS,10004.0,3,0
612600,,,INTARIAN_PEPPER_ROOT,XIRECS,10604.0,5,0
613000,,,INTARIAN_PEPPER_ROOT,XIRECS,10621.0,3,0
613900,,,INTARIAN_PEPPER_ROOT,XIRECS,10620.0,5,0
614900,,,INTARIAN_PEPPER_ROOT,XIRECS,10611.0,5,0
615400,,,INTARIAN_PEPPER_ROOT,XIRECS,10610.0,5,0
623800,,,ASH_COATED_OSMIUM,XIRECS,10003.0,5,0
624100,,,ASH_COATED_OSMIUM,XIRECS,9987.0,4,0
624700,,,ASH_COATED_OSMIUM,XIRECS,10004.0,4,0
625500,,,INTARIAN_PEPPER_ROOT,XIRECS,10631.0,3,0
628300,,,INTARIAN_PEPPER_ROOT,XIRECS,10622.0,5,0
628400,,,INTARIAN_PEPPER_ROOT,XIRECS,10620.0,6,0
628700,,,INTARIAN_PEPPER_ROOT,XIRECS,10631.0,5,0
631400,,,INTARIAN_PEPPER_ROOT,XIRECS,10637.0,4,0
635000,,,ASH_COATED_OSMIUM,XIRECS,10007.0,9,0
636400,,,INTARIAN_PEPPER_ROOT,XIRECS,10642.0,3,0
637400,,,ASH_COATED_OSMIUM,XIRECS,9989.0,2,0
638000,,,ASH_COATED_OSMIUM,XIRECS,9987.0,8,0
639200,,,INTARIAN_PEPPER_ROOT,XIRECS,10631.0,3,0
640500,,,INTARIAN_PEPPER_ROOT,XIRECS,10646.0,7,0
642800,,,ASH_COATED_OSMIUM,XIRECS,9988.0,6,0
644300,,,ASH_COATED_OSMIUM,XIRECS,10004.0,2,0
644600,,,INTARIAN_PEPPER_ROOT,XIRECS,10639.0,6,0
645800,,,ASH_COATED_OSMIUM,XIRECS,10005.0,10,0
648000,,,INTARIAN_PEPPER_ROOT,XIRECS,10654.0,3,0
648100,,,ASH_COATED_OSMIUM,XIRECS,10006.0,3,0
648300,,,ASH_COATED_OSMIUM,XIRECS,9988.0,10,0
648800,,,ASH_COATED_OSMIUM,XIRECS,10005.0,5,0
649200,,,ASH_COATED_OSMIUM,XIRECS,10005.0,4,0
650300,,,INTARIAN_PEPPER_ROOT,XIRECS,10644.0,7,0
652900,,,INTARIAN_PEPPER_ROOT,XIRECS,10659.0,3,0
653100,,,ASH_COATED_OSMIUM,XIRECS,10004.0,4,0
654100,,,INTARIAN_PEPPER_ROOT,XIRECS,10646.0,4,0
654200,,,INTARIAN_PEPPER_ROOT,XIRECS,10660.0,3,0
655500,,,INTARIAN_PEPPER_ROOT,XIRECS,10652.0,6,0
656500,,,ASH_COATED_OSMIUM,XIRECS,9990.0,9,0
657300,,,ASH_COATED_OSMIUM,XIRECS,9996.0,3,0
658600,,,ASH_COATED_OSMIUM,XIRECS,10006.0,2,0
659100,,,INTARIAN_PEPPER_ROOT,XIRECS,10655.0,4,0
659500,,,ASH_COATED_OSMIUM,XIRECS,9988.0,6,0
659700,,,ASH_COATED_OSMIUM,XIRECS,10007.0,5,0
660600,,,ASH_COATED_OSMIUM,XIRECS,10006.0,2,0
662300,,,ASH_COATED_OSMIUM,XIRECS,10005.0,3,0
662300,,,INTARIAN_PEPPER_ROOT,XIRECS,10668.0,4,0
662600,,,INTARIAN_PEPPER_ROOT,XIRECS,10659.0,3,0
664800,,,ASH_COATED_OSMIUM,XIRECS,9988.0,4,0
669500,,,INTARIAN_PEPPER_ROOT,XIRECS,10675.0,6,0
669700,,,ASH_COATED_OSMIUM,XIRECS,10005.0,10,0
671700,,,INTARIAN_PEPPER_ROOT,XIRECS,10666.0,7,0
671900,,,ASH_COATED_OSMIUM,XIRECS,9984.0,3,0
674700,,,ASH_COATED_OSMIUM,XIRECS,10003.0,5,0
676600,,,INTARIAN_PEPPER_ROOT,XIRECS,10682.0,3,0
679200,,,ASH_COATED_OSMIUM,XIRECS,9985.0,7,0
680000,,,ASH_COATED_OSMIUM,XIRECS,10004.0,6,0
681300,,,INTARIAN_PEPPER_ROOT,XIRECS,10679.0,7,0
687000,,,ASH_COATED_OSMIUM,XIRECS,10005.0,8,0
687800,,,INTARIAN_PEPPER_ROOT,XIRECS,10691.0,5,0
687900,,,ASH_COATED_OSMIUM,XIRECS,9990.0,4,0
688100,,,INTARIAN_PEPPER_ROOT,XIRECS,10697.0,3,0
693200,,,INTARIAN_PEPPER_ROOT,XIRECS,10689.0,5,0
694200,,,ASH_COATED_OSMIUM,XIRECS,9992.0,3,0
698100,,,ASH_COATED_OSMIUM,XIRECS,9991.0,2,0
698300,,,INTARIAN_PEPPER_ROOT,XIRECS,10704.0,3,0
699900,,,ASH_COATED_OSMIUM,XIRECS,9991.0,9,0
700600,,,ASH_COATED_OSMIUM,XIRECS,9991.0,3,0
701400,,,INTARIAN_PEPPER_ROOT,XIRECS,10707.0,3,0
703900,,,INTARIAN_PEPPER_ROOT,XIRECS,10698.0,3,0
706600,,,ASH_COATED_OSMIUM,XIRECS,10011.0,9,0
709300,,,INTARIAN_PEPPER_ROOT,XIRECS,10715.0,5,0
710100,,,ASH_COATED_OSMIUM,XIRECS,9992.0,3,0
710500,,,ASH_COATED_OSMIUM,XIRECS,10008.0,6,0
711700,,,INTARIAN_PEPPER_ROOT,XIRECS,10706.0,7,0
712400,,,ASH_COATED_OSMIUM,XIRECS,9991.0,5,0
713000,,,INTARIAN_PEPPER_ROOT,XIRECS,10719.0,6,0
713700,,,ASH_COATED_OSMIUM,XIRECS,9990.0,4,0
714000,,,ASH_COATED_OSMIUM,XIRECS,10004.0,7,0
715000,,,ASH_COATED_OSMIUM,XIRECS,9989.0,5,0
715700,,,ASH_COATED_OSMIUM,XIRECS,9998.0,3,0
718100,,,INTARIAN_PEPPER_ROOT,XIRECS,10712.0,3,0
719800,,,INTARIAN_PEPPER_ROOT,XIRECS,10714.0,7,0
721600,,,ASH_COATED_OSMIUM,XIRECS,10006.0,5,0
721900,,,INTARIAN_PEPPER_ROOT,XIRECS,10716.0,6,0
722300,,,ASH_COATED_OSMIUM,XIRECS,9990.0,5,0
722800,,,ASH_COATED_OSMIUM,XIRECS,10009.0,2,0
723600,,,ASH_COATED_OSMIUM,XIRECS,9991.0,6,0
724100,,,INTARIAN_PEPPER_ROOT,XIRECS,10720.0,8,0
727600,,,INTARIAN_PEPPER_ROOT,XIRECS,10733.0,6,0
728900,,,INTARIAN_PEPPER_ROOT,XIRECS,10735.0,4,0
729700,,,ASH_COATED_OSMIUM,XIRECS,10008.0,4,0
731100,,,ASH_COATED_OSMIUM,XIRECS,9988.0,3,0
735400,,,ASH_COATED_OSMIUM,XIRECS,9989.0,6,0
738200,,,INTARIAN_PEPPER_ROOT,XIRECS,10732.0,5,0
742500,,,INTARIAN_PEPPER_ROOT,XIRECS,10737.0,4,0
742800,,,INTARIAN_PEPPER_ROOT,XIRECS,10749.0,3,0
745000,,,INTARIAN_PEPPER_ROOT,XIRECS,10739.0,3,0
745600,,,ASH_COATED_OSMIUM,XIRECS,10006.0,2,0
747000,,,INTARIAN_PEPPER_ROOT,XIRECS,10753.0,3,0
748600,,,INTARIAN_PEPPER_ROOT,XIRECS,10743.0,4,0
749100,,,INTARIAN_PEPPER_ROOT,XIRECS,10743.0,6,0
750000,,,ASH_COATED_OSMIUM,XIRECS,9988.0,9,0
750500,,,INTARIAN_PEPPER_ROOT,XIRECS,10747.0,3,0
752600,,,ASH_COATED_OSMIUM,XIRECS,10003.0,6,0
752900,,,ASH_COATED_OSMIUM,XIRECS,9988.0,3,0
753100,,,ASH_COATED_OSMIUM,XIRECS,10005.0,7,0
753400,,,ASH_COATED_OSMIUM,XIRECS,10004.0,2,0
756600,,,INTARIAN_PEPPER_ROOT,XIRECS,10762.0,5,0
756700,,,ASH_COATED_OSMIUM,XIRECS,10004.0,6,0
756700,,,ASH_COATED_OSMIUM,XIRECS,10004.0,7,0
759200,,,ASH_COATED_OSMIUM,XIRECS,10005.0,2,0
759300,,,ASH_COATED_OSMIUM,XIRECS,9989.0,5,0
759800,,,INTARIAN_PEPPER_ROOT,XIRECS,10763.0,5,0
760600,,,ASH_COATED_OSMIUM,XIRECS,10005.0,5,0
762200,,,ASH_COATED_OSMIUM,XIRECS,10005.0,2,0
763400,,,ASH_COATED_OSMIUM,XIRECS,9989.0,2,0
764800,,,ASH_COATED_OSMIUM,XIRECS,9988.0,8,0
765200,,,ASH_COATED_OSMIUM,XIRECS,10003.0,5,0
765600,,,INTARIAN_PEPPER_ROOT,XIRECS,10768.0,4,0
767800,,,INTARIAN_PEPPER_ROOT,XIRECS,10762.0,6,0
768500,,,ASH_COATED_OSMIUM,XIRECS,10004.0,9,0
771000,,,INTARIAN_PEPPER_ROOT,XIRECS,10767.0,8,0
771100,,,INTARIAN_PEPPER_ROOT,XIRECS,10774.0,6,0
773100,,,ASH_COATED_OSMIUM,XIRECS,10005.0,6,0
774200,,,ASH_COATED_OSMIUM,XIRECS,9990.0,4,0
775300,,,ASH_COATED_OSMIUM,XIRECS,10005.0,5,0
776400,,,ASH_COATED_OSMIUM,XIRECS,9990.0,2,0
776700,,,ASH_COATED_OSMIUM,XIRECS,9989.0,6,0
777000,,,ASH_COATED_OSMIUM,XIRECS,10008.0,6,0
777000,,,INTARIAN_PEPPER_ROOT,XIRECS,10771.0,6,0
778300,,,INTARIAN_PEPPER_ROOT,XIRECS,10784.0,6,0
778400,,,ASH_COATED_OSMIUM,XIRECS,9995.0,5,0
782000,,,INTARIAN_PEPPER_ROOT,XIRECS,10788.0,3,0
783900,,,INTARIAN_PEPPER_ROOT,XIRECS,10778.0,3,0
784100,,,INTARIAN_PEPPER_ROOT,XIRECS,10786.0,4,0
786600,,,ASH_COATED_OSMIUM,XIRECS,9989.0,2,0
787900,,,INTARIAN_PEPPER_ROOT,XIRECS,10794.0,5,0
788400,,,ASH_COATED_OSMIUM,XIRECS,10003.0,5,0
789700,,,INTARIAN_PEPPER_ROOT,XIRECS,10796.0,6,0
790200,,,ASH_COATED_OSMIUM,XIRECS,9988.0,3,0
790600,,,INTARIAN_PEPPER_ROOT,XIRECS,10787.0,4,0
791700,,,ASH_COATED_OSMIUM,XIRECS,9987.0,2,0
792800,,,ASH_COATED_OSMIUM,XIRECS,10005.0,7,0
794200,,,INTARIAN_PEPPER_ROOT,XIRECS,10788.0,5,0
794700,,,INTARIAN_PEPPER_ROOT,XIRECS,10791.0,4,0
795100,,,ASH_COATED_OSMIUM,XIRECS,9987.0,3,0
795300,,,INTARIAN_PEPPER_ROOT,XIRECS,10798.0,7,0
795500,,,INTARIAN_PEPPER_ROOT,XIRECS,10787.0,4,0
795900,,,INTARIAN_PEPPER_ROOT,XIRECS,10790.0,3,0
796500,,,ASH_COATED_OSMIUM,XIRECS,9986.0,4,0
796600,,,INTARIAN_PEPPER_ROOT,XIRECS,10793.0,6,0
797900,,,INTARIAN_PEPPER_ROOT,XIRECS,10806.0,6,0
799600,,,ASH_COATED_OSMIUM,XIRECS,10006.0,7,0
800000,,,INTARIAN_PEPPER_ROOT,XIRECS,10794.0,4,0
800100,,,ASH_COATED_OSMIUM,XIRECS,9988.0,3,0
801600,,,INTARIAN_PEPPER_ROOT,XIRECS,10796.0,5,0
801800,,,ASH_COATED_OSMIUM,XIRECS,9987.0,2,0
803900,,,ASH_COATED_OSMIUM,XIRECS,9986.0,2,0
804600,,,INTARIAN_PEPPER_ROOT,XIRECS,10811.0,5,0
804900,,,ASH_COATED_OSMIUM,XIRECS,10003.0,5,0
808400,,,ASH_COATED_OSMIUM,XIRECS,10001.0,8,0
809500,,,ASH_COATED_OSMIUM,XIRECS,9999.0,3,0
809500,,,INTARIAN_PEPPER_ROOT,XIRECS,10815.0,7,0
811000,,,INTARIAN_PEPPER_ROOT,XIRECS,10814.0,3,0
814300,,,ASH_COATED_OSMIUM,XIRECS,10002.0,3,0
817900,,,ASH_COATED_OSMIUM,XIRECS,9988.0,10,0
821000,,,ASH_COATED_OSMIUM,XIRECS,9998.0,4,0
822000,,,INTARIAN_PEPPER_ROOT,XIRECS,10813.0,3,0
822700,,,ASH_COATED_OSMIUM,XIRECS,10005.0,7,0
826500,,,INTARIAN_PEPPER_ROOT,XIRECS,10821.0,7,0
830100,,,ASH_COATED_OSMIUM,XIRECS,9990.0,5,0
830500,,,ASH_COATED_OSMIUM,XIRECS,10009.0,6,0
830700,,,ASH_COATED_OSMIUM,XIRECS,9991.0,9,0
831800,,,ASH_COATED_OSMIUM,XIRECS,10011.0,2,0
832300,,,ASH_COATED_OSMIUM,XIRECS,10010.0,4,0
832500,,,INTARIAN_PEPPER_ROOT,XIRECS,10838.0,3,0
833300,,,ASH_COATED_OSMIUM,XIRECS,9996.0,8,0
834300,,,ASH_COATED_OSMIUM,XIRECS,10011.0,5,0
835200,,,ASH_COATED_OSMIUM,XIRECS,10011.0,2,0
835400,,,INTARIAN_PEPPER_ROOT,XIRECS,10829.0,3,0
836900,,,ASH_COATED_OSMIUM,XIRECS,9995.0,5,0
837000,,,ASH_COATED_OSMIUM,XIRECS,10014.0,4,0
839600,,,INTARIAN_PEPPER_ROOT,XIRECS,10846.0,5,0
840000,,,ASH_COATED_OSMIUM,XIRECS,10010.0,5,0
840000,,,INTARIAN_PEPPER_ROOT,XIRECS,10834.0,6,0
840200,,,INTARIAN_PEPPER_ROOT,XIRECS,10846.0,4,0
840600,,,INTARIAN_PEPPER_ROOT,XIRECS,10835.0,6,0
841100,,,ASH_COATED_OSMIUM,XIRECS,9995.0,5,0
841200,,,INTARIAN_PEPPER_ROOT,XIRECS,10850.0,4,0
841700,,,INTARIAN_PEPPER_ROOT,XIRECS,10848.0,7,0
842200,,,ASH_COATED_OSMIUM,XIRECS,9996.0,5,0
844700,,,INTARIAN_PEPPER_ROOT,XIRECS,10839.0,6,0
845800,,,INTARIAN_PEPPER_ROOT,XIRECS,10837.0,4,0
846300,,,ASH_COATED_OSMIUM,XIRECS,10011.0,5,0
850000,,,ASH_COATED_OSMIUM,XIRECS,9996.0,10,0
850600,,,ASH_COATED_OSMIUM,XIRECS,9992.0,3,0
851200,,,ASH_COATED_OSMIUM,XIRECS,10011.0,6,0
851800,,,INTARIAN_PEPPER_ROOT,XIRECS,10860.0,4,0
853400,,,ASH_COATED_OSMIUM,XIRECS,9993.0,4,0
858400,,,ASH_COATED_OSMIUM,XIRECS,9993.0,5,0
858600,,,ASH_COATED_OSMIUM,XIRECS,9993.0,5,0
858600,,,ASH_COATED_OSMIUM,XIRECS,9993.0,5,0
864600,,,INTARIAN_PEPPER_ROOT,XIRECS,10859.0,5,0
867300,,,ASH_COATED_OSMIUM,XIRECS,9997.0,8,0
868000,,,INTARIAN_PEPPER_ROOT,XIRECS,10864.0,3,0
868500,,,INTARIAN_PEPPER_ROOT,XIRECS,10866.0,6,0
869200,,,INTARIAN_PEPPER_ROOT,XIRECS,10878.0,4,0
870000,,,INTARIAN_PEPPER_ROOT,XIRECS,10866.0,5,0
874800,,,ASH_COATED_OSMIUM,XIRECS,10013.0,2,0
875400,,,INTARIAN_PEPPER_ROOT,XIRECS,10881.0,6,0
876400,,,ASH_COATED_OSMIUM,XIRECS,10013.0,2,0
878100,,,ASH_COATED_OSMIUM,XIRECS,10012.0,4,0
883900,,,INTARIAN_PEPPER_ROOT,XIRECS,10875.0,5,0
888900,,,INTARIAN_PEPPER_ROOT,XIRECS,10895.0,3,0
891300,,,ASH_COATED_OSMIUM,XIRECS,10008.0,10,0
892800,,,ASH_COATED_OSMIUM,XIRECS,10008.0,5,0
893700,,,INTARIAN_PEPPER_ROOT,XIRECS,10900.0,5,0
894100,,,INTARIAN_PEPPER_ROOT,XIRECS,10900.0,6,0
895700,,,ASH_COATED_OSMIUM,XIRECS,10010.0,4,0
896800,,,INTARIAN_PEPPER_ROOT,XIRECS,10891.0,3,0
898400,,,ASH_COATED_OSMIUM,XIRECS,9995.0,9,0
899300,,,INTARIAN_PEPPER_ROOT,XIRECS,10905.0,3,0
901000,,,INTARIAN_PEPPER_ROOT,XIRECS,10904.0,7,0
901700,,,ASH_COATED_OSMIUM,XIRECS,9993.0,3,0
902500,,,ASH_COATED_OSMIUM,XIRECS,9994.0,4,0
902700,,,ASH_COATED_OSMIUM,XIRECS,9995.0,3,0
903300,,,INTARIAN_PEPPER_ROOT,XIRECS,10895.0,6,0
903500,,,ASH_COATED_OSMIUM,XIRECS,9994.0,5,0
904100,,,INTARIAN_PEPPER_ROOT,XIRECS,10910.0,5,0
905100,,,INTARIAN_PEPPER_ROOT,XIRECS,10899.0,3,0
905700,,,INTARIAN_PEPPER_ROOT,XIRECS,10900.0,7,0
905800,,,ASH_COATED_OSMIUM,XIRECS,9995.0,2,0
906100,,,ASH_COATED_OSMIUM,XIRECS,10010.0,6,0
907500,,,INTARIAN_PEPPER_ROOT,XIRECS,10913.0,4,0
910200,,,INTARIAN_PEPPER_ROOT,XIRECS,10906.0,6,0
910600,,,ASH_COATED_OSMIUM,XIRECS,9994.0,7,0
911400,,,INTARIAN_PEPPER_ROOT,XIRECS,10908.0,6,0
912900,,,INTARIAN_PEPPER_ROOT,XIRECS,10916.0,8,0
914300,,,ASH_COATED_OSMIUM,XIRECS,9993.0,4,0
914800,,,INTARIAN_PEPPER_ROOT,XIRECS,10918.0,4,0
915400,,,INTARIAN_PEPPER_ROOT,XIRECS,10907.0,5,0
917400,,,ASH_COATED_OSMIUM,XIRECS,9994.0,5,0
923300,,,ASH_COATED_OSMIUM,XIRECS,10006.0,3,0
923900,,,INTARIAN_PEPPER_ROOT,XIRECS,10930.0,7,0
924300,,,INTARIAN_PEPPER_ROOT,XIRECS,10918.0,6,0
924600,,,ASH_COATED_OSMIUM,XIRECS,9996.0,3,0
929200,,,INTARIAN_PEPPER_ROOT,XIRECS,10923.0,5,0
931300,,,ASH_COATED_OSMIUM,XIRECS,10013.0,8,0
932300,,,INTARIAN_PEPPER_ROOT,XIRECS,10926.0,3,0
932500,,,ASH_COATED_OSMIUM,XIRECS,9995.0,8,0
933500,,,ASH_COATED_OSMIUM,XIRECS,10013.0,9,0
933700,,,ASH_COATED_OSMIUM,XIRECS,10012.0,6,0
934000,,,INTARIAN_PEPPER_ROOT,XIRECS,10928.0,5,0
936100,,,ASH_COATED_OSMIUM,XIRECS,9995.0,4,0
938000,,,INTARIAN_PEPPER_ROOT,XIRECS,10941.0,4,0
940100,,,ASH_COATED_OSMIUM,XIRECS,9999.0,10,0
940600,,,ASH_COATED_OSMIUM,XIRECS,9999.0,6,0
941700,,,INTARIAN_PEPPER_ROOT,XIRECS,10948.0,6,0
942600,,,INTARIAN_PEPPER_ROOT,XIRECS,10937.0,6,0
943100,,,ASH_COATED_OSMIUM,XIRECS,9999.0,6,0
943600,,,ASH_COATED_OSMIUM,XIRECS,10004.0,2,0
943900,,,ASH_COATED_OSMIUM,XIRECS,9998.0,5,0
944100,,,INTARIAN_PEPPER_ROOT,XIRECS,10947.0,6,0
946000,,,ASH_COATED_OSMIUM,XIRECS,9998.0,5,0
947900,,,INTARIAN_PEPPER_ROOT,XIRECS,10942.0,3,0
951300,,,ASH_COATED_OSMIUM,XIRECS,9995.0,6,0
956100,,,ASH_COATED_OSMIUM,XIRECS,10010.0,6,0
957200,,,INTARIAN_PEPPER_ROOT,XIRECS,10951.0,7,0
957300,,,INTARIAN_PEPPER_ROOT,XIRECS,10951.0,3,0
957400,,,ASH_COATED_OSMIUM,XIRECS,10006.0,4,0
957500,,,INTARIAN_PEPPER_ROOT,XIRECS,10952.0,7,0
959400,,,ASH_COATED_OSMIUM,XIRECS,10006.0,4,0
960200,,,ASH_COATED_OSMIUM,XIRECS,9989.0,6,0
963200,,,ASH_COATED_OSMIUM,XIRECS,10005.0,6,0
964800,,,ASH_COATED_OSMIUM,XIRECS,10006.0,6,0
965400,,,INTARIAN_PEPPER_ROOT,XIRECS,10971.0,6,0
965600,,,INTARIAN_PEPPER_ROOT,XIRECS,10960.0,5,0
965900,,,INTARIAN_PEPPER_ROOT,XIRECS,10972.0,3,0
966000,,,ASH_COATED_OSMIUM,XIRECS,9987.0,6,0
967000,,,ASH_COATED_OSMIUM,XIRECS,10004.0,8,0
973400,,,ASH_COATED_OSMIUM,XIRECS,9986.0,8,0
973700,,,ASH_COATED_OSMIUM,XIRECS,10002.0,2,0
973900,,,INTARIAN_PEPPER_ROOT,XIRECS,10980.0,6,0
974900,,,ASH_COATED_OSMIUM,XIRECS,9986.0,6,0
976500,,,ASH_COATED_OSMIUM,XIRECS,9985.0,6,0
977100,,,ASH_COATED_OSMIUM,XIRECS,10001.0,7,0
980800,,,ASH_COATED_OSMIUM,XIRECS,10000.0,3,0
981900,,,INTARIAN_PEPPER_ROOT,XIRECS,10985.0,3,0
982600,,,INTARIAN_PEPPER_ROOT,XIRECS,10974.0,7,0
985200,,,INTARIAN_PEPPER_ROOT,XIRECS,10994.0,4,0
988000,,,ASH_COATED_OSMIUM,XIRECS,9981.0,4,0
989100,,,INTARIAN_PEPPER_ROOT,XIRECS,10980.0,6,0
992000,,,ASH_COATED_OSMIUM,XIRECS,9983.0,4,0
994200,,,ASH_COATED_OSMIUM,XIRECS,10002.0,2,0
995300,,,ASH_COATED_OSMIUM,XIRECS,10001.0,6,0
997500,,,INTARIAN_PEPPER_ROOT,XIRECS,10992.0,7,0
2800,,,ASH_COATED_OSMIUM,XIRECS,9985.0,10,1
3000,,,INTARIAN_PEPPER_ROOT,XIRECS,10999.0,8,1
4200,,,INTARIAN_PEPPER_ROOT,XIRECS,10995.0,4,1
5200,,,ASH_COATED_OSMIUM,XIRECS,10004.0,6,1
5200,,,ASH_COATED_OSMIUM,XIRECS,9986.0,9,1
6300,,,INTARIAN_PEPPER_ROOT,XIRECS,11000.0,4,1
7500,,,ASH_COATED_OSMIUM,XIRECS,10003.0,6,1
9000,,,ASH_COATED_OSMIUM,XIRECS,10004.0,10,1
13000,,,ASH_COATED_OSMIUM,XIRECS,10005.0,2,1
14600,,,ASH_COATED_OSMIUM,XIRECS,10007.0,5,1
14900,,,ASH_COATED_OSMIUM,XIRECS,10007.0,5,1
16600,,,ASH_COATED_OSMIUM,XIRECS,9992.0,2,1
17200,,,ASH_COATED_OSMIUM,XIRECS,9994.0,5,1
17900,,,INTARIAN_PEPPER_ROOT,XIRECS,11012.0,6,1
18700,,,ASH_COATED_OSMIUM,XIRECS,9998.0,5,1
19300,,,ASH_COATED_OSMIUM,XIRECS,10008.0,3,1
19700,,,INTARIAN_PEPPER_ROOT,XIRECS,11011.0,7,1
20900,,,ASH_COATED_OSMIUM,XIRECS,9992.0,2,1
21500,,,ASH_COATED_OSMIUM,XIRECS,10008.0,6,1
23100,,,ASH_COATED_OSMIUM,XIRECS,10010.0,5,1
24100,,,INTARIAN_PEPPER_ROOT,XIRECS,11030.0,5,1
25300,,,ASH_COATED_OSMIUM,XIRECS,10008.0,6,1
25800,,,INTARIAN_PEPPER_ROOT,XIRECS,11029.0,3,1
25900,,,ASH_COATED_OSMIUM,XIRECS,10009.0,6,1
26300,,,ASH_COATED_OSMIUM,XIRECS,10008.0,9,1
28200,,,INTARIAN_PEPPER_ROOT,XIRECS,11034.0,6,1
29100,,,INTARIAN_PEPPER_ROOT,XIRECS,11035.0,6,1
31600,,,INTARIAN_PEPPER_ROOT,XIRECS,11034.0,3,1
34900,,,INTARIAN_PEPPER_ROOT,XIRECS,11044.0,6,1
35000,,,INTARIAN_PEPPER_ROOT,XIRECS,11038.0,8,1
35900,,,ASH_COATED_OSMIUM,XIRECS,9992.0,2,1
38500,,,INTARIAN_PEPPER_ROOT,XIRECS,11032.0,4,1
38700,,,INTARIAN_PEPPER_ROOT,XIRECS,11035.0,5,1
40000,,,INTARIAN_PEPPER_ROOT,XIRECS,11036.0,5,1
40300,,,INTARIAN_PEPPER_ROOT,XIRECS,11034.0,4,1
40400,,,INTARIAN_PEPPER_ROOT,XIRECS,11046.0,3,1
41900,,,INTARIAN_PEPPER_ROOT,XIRECS,11048.0,5,1
42700,,,INTARIAN_PEPPER_ROOT,XIRECS,11049.0,6,1
44700,,,ASH_COATED_OSMIUM,XIRECS,10008.0,5,1
44800,,,INTARIAN_PEPPER_ROOT,XIRECS,11039.0,4,1
46700,,,ASH_COATED_OSMIUM,XIRECS,9992.0,6,1
47600,,,ASH_COATED_OSMIUM,XIRECS,9993.0,4,1
50300,,,ASH_COATED_OSMIUM,XIRECS,10008.0,4,1
51200,,,ASH_COATED_OSMIUM,XIRECS,10006.0,7,1
51700,,,ASH_COATED_OSMIUM,XIRECS,10009.0,2,1
52800,,,ASH_COATED_OSMIUM,XIRECS,9990.0,5,1
52900,,,INTARIAN_PEPPER_ROOT,XIRECS,11047.0,5,1
53100,,,INTARIAN_PEPPER_ROOT,XIRECS,11049.0,4,1
54200,,,ASH_COATED_OSMIUM,XIRECS,10004.0,6,1
56500,,,ASH_COATED_OSMIUM,XIRECS,10005.0,6,1
57200,,,ASH_COATED_OSMIUM,XIRECS,10001.0,3,1
57700,,,ASH_COATED_OSMIUM,XIRECS,9996.0,8,1
58000,,,ASH_COATED_OSMIUM,XIRECS,10006.0,3,1
62000,,,ASH_COATED_OSMIUM,XIRECS,9989.0,3,1
62400,,,ASH_COATED_OSMIUM,XIRECS,9991.0,2,1
63900,,,INTARIAN_PEPPER_ROOT,XIRECS,11067.0,7,1
69900,,,ASH_COATED_OSMIUM,XIRECS,9991.0,8,1
70500,,,INTARIAN_PEPPER_ROOT,XIRECS,11067.0,3,1
71300,,,ASH_COATED_OSMIUM,XIRECS,10007.0,6,1
73900,,,INTARIAN_PEPPER_ROOT,XIRECS,11068.0,7,1
74000,,,ASH_COATED_OSMIUM,XIRECS,9993.0,3,1
74000,,,INTARIAN_PEPPER_ROOT,XIRECS,11080.0,5,1
74200,,,ASH_COATED_OSMIUM,XIRECS,9991.0,2,1
75700,,,ASH_COATED_OSMIUM,XIRECS,10010.0,4,1
76600,,,ASH_COATED_OSMIUM,XIRECS,10010.0,4,1
76800,,,INTARIAN_PEPPER_ROOT,XIRECS,11083.0,6,1
76900,,,ASH_COATED_OSMIUM,XIRECS,10010.0,4,1
77300,,,ASH_COATED_OSMIUM,XIRECS,9993.0,5,1
78000,,,ASH_COATED_OSMIUM,XIRECS,10011.0,2,1
81000,,,INTARIAN_PEPPER_ROOT,XIRECS,11072.0,5,1
81700,,,INTARIAN_PEPPER_ROOT,XIRECS,11088.0,6,1
81900,,,INTARIAN_PEPPER_ROOT,XIRECS,11088.0,5,1
83100,,,INTARIAN_PEPPER_ROOT,XIRECS,11089.0,7,1
88400,,,ASH_COATED_OSMIUM,XIRECS,10010.0,4,1
88700,,,INTARIAN_PEPPER_ROOT,XIRECS,11083.0,3,1
88800,,,INTARIAN_PEPPER_ROOT,XIRECS,11083.0,3,1
89700,,,ASH_COATED_OSMIUM,XIRECS,10013.0,8,1
94600,,,INTARIAN_PEPPER_ROOT,XIRECS,11091.0,7,1
98200,,,ASH_COATED_OSMIUM,XIRECS,10007.0,9,1
98400,,,INTARIAN_PEPPER_ROOT,XIRECS,11104.0,3,1
99400,,,INTARIAN_PEPPER_ROOT,XIRECS,11096.0,8,1
100500,,,ASH_COATED_OSMIUM,XIRECS,9990.0,5,1
101000,,,INTARIAN_PEPPER_ROOT,XIRECS,11097.0,4,1
101100,,,ASH_COATED_OSMIUM,XIRECS,9990.0,2,1
101900,,,ASH_COATED_OSMIUM,XIRECS,10006.0,6,1
102000,,,ASH_COATED_OSMIUM,XIRECS,9988.0,2,1
103000,,,ASH_COATED_OSMIUM,XIRECS,9992.0,5,1
104800,,,ASH_COATED_OSMIUM,XIRECS,9992.0,6,1
108800,,,INTARIAN_PEPPER_ROOT,XIRECS,11115.0,5,1
113600,,,INTARIAN_PEPPER_ROOT,XIRECS,11111.0,4,1
117400,,,ASH_COATED_OSMIUM,XIRECS,10007.0,9,1
118100,,,ASH_COATED_OSMIUM,XIRECS,9991.0,3,1
120600,,,INTARIAN_PEPPER_ROOT,XIRECS,11115.0,6,1
121900,,,INTARIAN_PEPPER_ROOT,XIRECS,11128.0,4,1
122600,,,INTARIAN_PEPPER_ROOT,XIRECS,11117.0,7,1
123400,,,INTARIAN_PEPPER_ROOT,XIRECS,11132.0,5,1
123500,,,ASH_COATED_OSMIUM,XIRECS,10008.0,6,1
124900,,,INTARIAN_PEPPER_ROOT,XIRECS,11119.0,6,1
125400,,,INTARIAN_PEPPER_ROOT,XIRECS,11131.0,7,1
125500,,,ASH_COATED_OSMIUM,XIRECS,9988.0,10,1
126600,,,ASH_COATED_OSMIUM,XIRECS,9988.0,6,1
128000,,,INTARIAN_PEPPER_ROOT,XIRECS,11122.0,7,1
128700,,,INTARIAN_PEPPER_ROOT,XIRECS,11125.0,3,1
128900,,,ASH_COATED_OSMIUM,XIRECS,9987.0,3,1
130100,,,ASH_COATED_OSMIUM,XIRECS,9986.0,2,1
130400,,,ASH_COATED_OSMIUM,XIRECS,10002.0,6,1
131300,,,ASH_COATED_OSMIUM,XIRECS,10003.0,10,1
131500,,,INTARIAN_PEPPER_ROOT,XIRECS,11125.0,3,1
132100,,,ASH_COATED_OSMIUM,XIRECS,9988.0,3,1
132200,,,INTARIAN_PEPPER_ROOT,XIRECS,11126.0,7,1
133100,,,INTARIAN_PEPPER_ROOT,XIRECS,11139.0,6,1
136100,,,INTARIAN_PEPPER_ROOT,XIRECS,11132.0,6,1
137700,,,ASH_COATED_OSMIUM,XIRECS,9989.0,3,1
139300,,,INTARIAN_PEPPER_ROOT,XIRECS,11133.0,4,1
139400,,,INTARIAN_PEPPER_ROOT,XIRECS,11133.0,7,1
139600,,,INTARIAN_PEPPER_ROOT,XIRECS,11146.0,6,1
139800,,,INTARIAN_PEPPER_ROOT,XIRECS,11134.0,7,1
141100,,,ASH_COATED_OSMIUM,XIRECS,9991.0,3,1
141200,,,INTARIAN_PEPPER_ROOT,XIRECS,11147.0,6,1
145800,,,ASH_COATED_OSMIUM,XIRECS,10009.0,10,1
145900,,,ASH_COATED_OSMIUM,XIRECS,10012.0,9,1
146600,,,ASH_COATED_OSMIUM,XIRECS,9994.0,2,1
146700,,,ASH_COATED_OSMIUM,XIRECS,10009.0,7,1
147000,,,INTARIAN_PEPPER_ROOT,XIRECS,11153.0,7,1
147300,,,ASH_COATED_OSMIUM,XIRECS,9993.0,6,1
148400,,,ASH_COATED_OSMIUM,XIRECS,9994.0,6,1
148700,,,INTARIAN_PEPPER_ROOT,XIRECS,11145.0,6,1
149000,,,ASH_COATED_OSMIUM,XIRECS,10009.0,3,1
152000,,,ASH_COATED_OSMIUM,XIRECS,9992.0,2,1
153700,,,ASH_COATED_OSMIUM,XIRECS,9994.0,5,1
157200,,,INTARIAN_PEPPER_ROOT,XIRECS,11163.0,4,1
160700,,,ASH_COATED_OSMIUM,XIRECS,10008.0,7,1
161400,,,ASH_COATED_OSMIUM,XIRECS,10009.0,9,1
161800,,,INTARIAN_PEPPER_ROOT,XIRECS,11165.0,6,1
161900,,,ASH_COATED_OSMIUM,XIRECS,9993.0,6,1
169400,,,ASH_COATED_OSMIUM,XIRECS,9989.0,2,1
170300,,,INTARIAN_PEPPER_ROOT,XIRECS,11176.0,7,1
174000,,,INTARIAN_PEPPER_ROOT,XIRECS,11165.0,7,1
175500,,,ASH_COATED_OSMIUM,XIRECS,9993.0,6,1
176900,,,ASH_COATED_OSMIUM,XIRECS,9992.0,2,1
178800,,,INTARIAN_PEPPER_ROOT,XIRECS,11185.0,4,1
182500,,,ASH_COATED_OSMIUM,XIRECS,9994.0,10,1
184500,,,ASH_COATED_OSMIUM,XIRECS,10011.0,6,1
184800,,,INTARIAN_PEPPER_ROOT,XIRECS,11188.0,7,1
186800,,,INTARIAN_PEPPER_ROOT,XIRECS,11196.0,7,1
187000,,,INTARIAN_PEPPER_ROOT,XIRECS,11196.0,3,1
191300,,,INTARIAN_PEPPER_ROOT,XIRECS,11185.0,7,1
191400,,,ASH_COATED_OSMIUM,XIRECS,9996.0,6,1
191600,,,ASH_COATED_OSMIUM,XIRECS,9996.0,6,1
193500,,,ASH_COATED_OSMIUM,XIRECS,10002.0,3,1
193700,,,ASH_COATED_OSMIUM,XIRECS,9994.0,3,1
203200,,,ASH_COATED_OSMIUM,XIRECS,9991.0,6,1
206100,,,ASH_COATED_OSMIUM,XIRECS,10009.0,4,1
207700,,,ASH_COATED_OSMIUM,XIRECS,9990.0,5,1
208300,,,INTARIAN_PEPPER_ROOT,XIRECS,11214.0,7,1
208500,,,ASH_COATED_OSMIUM,XIRECS,10009.0,4,1
211700,,,INTARIAN_PEPPER_ROOT,XIRECS,11206.0,4,1
215300,,,INTARIAN_PEPPER_ROOT,XIRECS,11211.0,5,1
216000,,,ASH_COATED_OSMIUM,XIRECS,10008.0,4,1
218000,,,ASH_COATED_OSMIUM,XIRECS,9995.0,3,1
218600,,,ASH_COATED_OSMIUM,XIRECS,10010.0,4,1
218900,,,INTARIAN_PEPPER_ROOT,XIRECS,11225.0,3,1
219900,,,ASH_COATED_OSMIUM,XIRECS,9991.0,6,1
221000,,,ASH_COATED_OSMIUM,XIRECS,9995.0,8,1
221700,,,ASH_COATED_OSMIUM,XIRECS,10011.0,10,1
222000,,,ASH_COATED_OSMIUM,XIRECS,10011.0,4,1
222800,,,INTARIAN_PEPPER_ROOT,XIRECS,11217.0,4,1
228300,,,INTARIAN_PEPPER_ROOT,XIRECS,11234.0,3,1
228800,,,ASH_COATED_OSMIUM,XIRECS,9993.0,3,1
229500,,,INTARIAN_PEPPER_ROOT,XIRECS,11223.0,4,1
232900,,,ASH_COATED_OSMIUM,XIRECS,10011.0,3,1
232900,,,INTARIAN_PEPPER_ROOT,XIRECS,11239.0,4,1
235100,,,INTARIAN_PEPPER_ROOT,XIRECS,11238.0,6,1
235800,,,ASH_COATED_OSMIUM,XIRECS,10013.0,3,1
236300,,,ASH_COATED_OSMIUM,XIRECS,10010.0,4,1
239500,,,ASH_COATED_OSMIUM,XIRECS,10011.0,7,1
240800,,,ASH_COATED_OSMIUM,XIRECS,10012.0,6,1
241200,,,INTARIAN_PEPPER_ROOT,XIRECS,11244.0,6,1
241800,,,ASH_COATED_OSMIUM,XIRECS,10010.0,3,1
243200,,,INTARIAN_PEPPER_ROOT,XIRECS,11249.0,5,1
244200,,,ASH_COATED_OSMIUM,XIRECS,10010.0,5,1
245100,,,ASH_COATED_OSMIUM,XIRECS,10012.0,7,1
245300,,,INTARIAN_PEPPER_ROOT,XIRECS,11239.0,6,1
245500,,,INTARIAN_PEPPER_ROOT,XIRECS,11252.0,6,1
245800,,,ASH_COATED_OSMIUM,XIRECS,10009.0,6,1
246400,,,ASH_COATED_OSMIUM,XIRECS,10010.0,4,1
250800,,,ASH_COATED_OSMIUM,XIRECS,9992.0,5,1
251100,,,ASH_COATED_OSMIUM,XIRECS,10001.0,3,1
251700,,,ASH_COATED_OSMIUM,XIRECS,9992.0,10,1
251900,,,INTARIAN_PEPPER_ROOT,XIRECS,11255.0,8,1
253300,,,ASH_COATED_OSMIUM,XIRECS,9992.0,7,1
259200,,,INTARIAN_PEPPER_ROOT,XIRECS,11265.0,7,1
262200,,,ASH_COATED_OSMIUM,XIRECS,9994.0,2,1
262300,,,ASH_COATED_OSMIUM,XIRECS,10010.0,3,1
262400,,,ASH_COATED_OSMIUM,XIRECS,10010.0,6,1
263800,,,INTARIAN_PEPPER_ROOT,XIRECS,11258.0,6,1
263900,,,INTARIAN_PEPPER_ROOT,XIRECS,11258.0,6,1
264100,,,ASH_COATED_OSMIUM,XIRECS,10010.0,6,1
264200,,,ASH_COATED_OSMIUM,XIRECS,10009.0,5,1
269600,,,INTARIAN_PEPPER_ROOT,XIRECS,11263.0,7,1
272700,,,INTARIAN_PEPPER_ROOT,XIRECS,11269.0,6,1
273300,,,INTARIAN_PEPPER_ROOT,XIRECS,11264.0,5,1
273500,,,ASH_COATED_OSMIUM,XIRECS,9999.0,4,1
273700,,,INTARIAN_PEPPER_ROOT,XIRECS,11268.0,3,1
274200,,,ASH_COATED_OSMIUM,XIRECS,9989.0,6,1
275900,,,INTARIAN_PEPPER_ROOT,XIRECS,11270.0,7,1
276000,,,INTARIAN_PEPPER_ROOT,XIRECS,11272.0,6,1
277500,,,ASH_COATED_OSMIUM,XIRECS,10005.0,5,1
279800,,,ASH_COATED_OSMIUM,XIRECS,9992.0,4,1
280500,,,ASH_COATED_OSMIUM,XIRECS,10006.0,5,1
280700,,,ASH_COATED_OSMIUM,XIRECS,10008.0,5,1
282100,,,INTARIAN_PEPPER_ROOT,XIRECS,11285.0,4,1
283800,,,INTARIAN_PEPPER_ROOT,XIRECS,11287.0,6,1
285200,,,ASH_COATED_OSMIUM,XIRECS,10007.0,6,1
287400,,,INTARIAN_PEPPER_ROOT,XIRECS,11290.0,5,1
288100,,,ASH_COATED_OSMIUM,XIRECS,9989.0,5,1
288700,,,ASH_COATED_OSMIUM,XIRECS,9989.0,10,1
289600,,,INTARIAN_PEPPER_ROOT,XIRECS,11296.0,7,1
290500,,,ASH_COATED_OSMIUM,XIRECS,9988.0,6,1
291800,,,ASH_COATED_OSMIUM,XIRECS,9986.0,6,1
298800,,,INTARIAN_PEPPER_ROOT,XIRECS,11302.0,7,1
301200,,,INTARIAN_PEPPER_ROOT,XIRECS,11297.0,8,1
302500,,,INTARIAN_PEPPER_ROOT,XIRECS,11299.0,8,1
302900,,,ASH_COATED_OSMIUM,XIRECS,9993.0,7,1
303200,,,INTARIAN_PEPPER_ROOT,XIRECS,11297.0,7,1
306200,,,ASH_COATED_OSMIUM,XIRECS,9992.0,9,1
307800,,,ASH_COATED_OSMIUM,XIRECS,10011.0,6,1
308100,,,ASH_COATED_OSMIUM,XIRECS,9995.0,3,1
309100,,,INTARIAN_PEPPER_ROOT,XIRECS,11300.0,5,1
309700,,,INTARIAN_PEPPER_ROOT,XIRECS,11316.0,6,1
310200,,,ASH_COATED_OSMIUM,XIRECS,9996.0,7,1
310300,,,ASH_COATED_OSMIUM,XIRECS,10002.0,5,1
311400,,,ASH_COATED_OSMIUM,XIRECS,9996.0,7,1
312600,,,ASH_COATED_OSMIUM,XIRECS,10012.0,2,1
312900,,,ASH_COATED_OSMIUM,XIRECS,10001.0,5,1
315000,,,ASH_COATED_OSMIUM,XIRECS,10012.0,5,1
315300,,,ASH_COATED_OSMIUM,XIRECS,9997.0,9,1
316600,,,INTARIAN_PEPPER_ROOT,XIRECS,11310.0,4,1
320500,,,INTARIAN_PEPPER_ROOT,XIRECS,11317.0,3,1
320700,,,ASH_COATED_OSMIUM,XIRECS,10013.0,10,1
324600,,,ASH_COATED_OSMIUM,XIRECS,9999.0,3,1
324600,,,INTARIAN_PEPPER_ROOT,XIRECS,11318.0,4,1
325100,,,INTARIAN_PEPPER_ROOT,XIRECS,11319.0,5,1
325900,,,ASH_COATED_OSMIUM,XIRECS,10018.0,3,1
329600,,,ASH_COATED_OSMIUM,XIRECS,10016.0,3,1
329700,,,ASH_COATED_OSMIUM,XIRECS,10016.0,2,1
329700,,,INTARIAN_PEPPER_ROOT,XIRECS,11326.0,4,1
329900,,,ASH_COATED_OSMIUM,XIRECS,10000.0,8,1
331400,,,ASH_COATED_OSMIUM,XIRECS,10000.0,5,1
335700,,,ASH_COATED_OSMIUM,XIRECS,10016.0,7,1
336000,,,ASH_COATED_OSMIUM,XIRECS,10016.0,5,1
337000,,,ASH_COATED_OSMIUM,XIRECS,10019.0,10,1
337400,,,ASH_COATED_OSMIUM,XIRECS,10015.0,2,1
337700,,,INTARIAN_PEPPER_ROOT,XIRECS,11344.0,4,1
348700,,,ASH_COATED_OSMIUM,XIRECS,10013.0,8,1
349700,,,ASH_COATED_OSMIUM,XIRECS,9992.0,6,1
350500,,,INTARIAN_PEPPER_ROOT,XIRECS,11347.0,5,1
350900,,,INTARIAN_PEPPER_ROOT,XIRECS,11345.0,4,1
351600,,,INTARIAN_PEPPER_ROOT,XIRECS,11361.0,4,1
352100,,,ASH_COATED_OSMIUM,XIRECS,10011.0,4,1
352300,,,ASH_COATED_OSMIUM,XIRECS,10011.0,2,1
353900,,,ASH_COATED_OSMIUM,XIRECS,9993.0,5,1
354300,,,ASH_COATED_OSMIUM,XIRECS,9989.0,5,1
355200,,,ASH_COATED_OSMIUM,XIRECS,10007.0,7,1
356300,,,ASH_COATED_OSMIUM,XIRECS,9998.0,4,1
356400,,,ASH_COATED_OSMIUM,XIRECS,9992.0,5,1
358000,,,ASH_COATED_OSMIUM,XIRECS,9997.0,4,1
358400,,,ASH_COATED_OSMIUM,XIRECS,10007.0,10,1
359000,,,ASH_COATED_OSMIUM,XIRECS,10008.0,3,1
359500,,,INTARIAN_PEPPER_ROOT,XIRECS,11366.0,3,1
359900,,,ASH_COATED_OSMIUM,XIRECS,9992.0,9,1
363600,,,INTARIAN_PEPPER_ROOT,XIRECS,11357.0,7,1
363800,,,INTARIAN_PEPPER_ROOT,XIRECS,11358.0,7,1
367800,,,INTARIAN_PEPPER_ROOT,XIRECS,11371.0,5,1
368500,,,ASH_COATED_OSMIUM,XIRECS,9993.0,3,1
369200,,,INTARIAN_PEPPER_ROOT,XIRECS,11363.0,3,1
371200,,,INTARIAN_PEPPER_ROOT,XIRECS,11365.0,7,1
371400,,,INTARIAN_PEPPER_ROOT,XIRECS,11365.0,7,1
374200,,,ASH_COATED_OSMIUM,XIRECS,9993.0,10,1
374400,,,ASH_COATED_OSMIUM,XIRECS,10009.0,8,1
375600,,,ASH_COATED_OSMIUM,XIRECS,10008.0,4,1
377100,,,ASH_COATED_OSMIUM,XIRECS,10008.0,6,1
377300,,,ASH_COATED_OSMIUM,XIRECS,10009.0,8,1
378200,,,INTARIAN_PEPPER_ROOT,XIRECS,11387.0,3,1
379500,,,ASH_COATED_OSMIUM,XIRECS,10013.0,10,1
380900,,,ASH_COATED_OSMIUM,XIRECS,9996.0,4,1
384200,,,INTARIAN_PEPPER_ROOT,XIRECS,11390.0,6,1
386500,,,ASH_COATED_OSMIUM,XIRECS,10011.0,5,1
388100,,,ASH_COATED_OSMIUM,XIRECS,9994.0,8,1
388700,,,INTARIAN_PEPPER_ROOT,XIRECS,11395.0,5,1
390900,,,ASH_COATED_OSMIUM,XIRECS,9995.0,2,1
393200,,,INTARIAN_PEPPER_ROOT,XIRECS,11389.0,6,1
393600,,,ASH_COATED_OSMIUM,XIRECS,9997.0,10,1
395100,,,ASH_COATED_OSMIUM,XIRECS,9999.0,2,1
398800,,,INTARIAN_PEPPER_ROOT,XIRECS,11395.0,5,1
399000,,,INTARIAN_PEPPER_ROOT,XIRECS,11395.0,7,1
399200,,,ASH_COATED_OSMIUM,XIRECS,9999.0,4,1
400000,,,INTARIAN_PEPPER_ROOT,XIRECS,11394.0,7,1
400700,,,ASH_COATED_OSMIUM,XIRECS,10015.0,4,1
405100,,,INTARIAN_PEPPER_ROOT,XIRECS,11411.0,5,1
405700,,,ASH_COATED_OSMIUM,XIRECS,10010.0,4,1
406300,,,ASH_COATED_OSMIUM,XIRECS,9992.0,7,1
406700,,,INTARIAN_PEPPER_ROOT,XIRECS,11413.0,7,1
407300,,,INTARIAN_PEPPER_ROOT,XIRECS,11410.0,6,1
407500,,,ASH_COATED_OSMIUM,XIRECS,10012.0,5,1
407600,,,ASH_COATED_OSMIUM,XIRECS,10009.0,8,1
408000,,,ASH_COATED_OSMIUM,XIRECS,10009.0,2,1
409300,,,INTARIAN_PEPPER_ROOT,XIRECS,11405.0,5,1
411700,,,ASH_COATED_OSMIUM,XIRECS,9993.0,10,1
412600,,,INTARIAN_PEPPER_ROOT,XIRECS,11406.0,7,1
413100,,,ASH_COATED_OSMIUM,XIRECS,10010.0,7,1
413500,,,INTARIAN_PEPPER_ROOT,XIRECS,11420.0,3,1
415200,,,ASH_COATED_OSMIUM,XIRECS,10012.0,5,1
415700,,,INTARIAN_PEPPER_ROOT,XIRECS,11409.0,7,1
417900,,,INTARIAN_PEPPER_ROOT,XIRECS,11412.0,6,1
418300,,,ASH_COATED_OSMIUM,XIRECS,10009.0,5,1
420600,,,INTARIAN_PEPPER_ROOT,XIRECS,11414.0,7,1
421100,,,INTARIAN_PEPPER_ROOT,XIRECS,11415.0,3,1
423200,,,INTARIAN_PEPPER_ROOT,XIRECS,11417.0,6,1
423400,,,ASH_COATED_OSMIUM,XIRECS,9994.0,6,1
423900,,,ASH_COATED_OSMIUM,XIRECS,9995.0,2,1
424300,,,ASH_COATED_OSMIUM,XIRECS,9994.0,6,1
424400,,,ASH_COATED_OSMIUM,XIRECS,9994.0,6,1
424800,,,INTARIAN_PEPPER_ROOT,XIRECS,11421.0,6,1
424900,,,ASH_COATED_OSMIUM,XIRECS,10009.0,3,1
426300,,,ASH_COATED_OSMIUM,XIRECS,9991.0,4,1
428300,,,ASH_COATED_OSMIUM,XIRECS,10010.0,5,1
429600,,,INTARIAN_PEPPER_ROOT,XIRECS,11426.0,3,1
430400,,,ASH_COATED_OSMIUM,XIRECS,10004.0,4,1
430900,,,ASH_COATED_OSMIUM,XIRECS,10014.0,5,1
431600,,,INTARIAN_PEPPER_ROOT,XIRECS,11425.0,7,1
432100,,,INTARIAN_PEPPER_ROOT,XIRECS,11435.0,6,1
432300,,,INTARIAN_PEPPER_ROOT,XIRECS,11426.0,7,1
433200,,,ASH_COATED_OSMIUM,XIRECS,9996.0,4,1
435200,,,ASH_COATED_OSMIUM,XIRECS,10013.0,6,1
435500,,,INTARIAN_PEPPER_ROOT,XIRECS,11438.0,5,1
436500,,,INTARIAN_PEPPER_ROOT,XIRECS,11430.0,3,1
438600,,,ASH_COATED_OSMIUM,XIRECS,9998.0,8,1
444300,,,ASH_COATED_OSMIUM,XIRECS,9997.0,3,1
453500,,,INTARIAN_PEPPER_ROOT,XIRECS,11450.0,7,1
454100,,,ASH_COATED_OSMIUM,XIRECS,10014.0,6,1
455400,,,INTARIAN_PEPPER_ROOT,XIRECS,11464.0,5,1
457500,,,INTARIAN_PEPPER_ROOT,XIRECS,11464.0,5,1
457600,,,INTARIAN_PEPPER_ROOT,XIRECS,11464.0,4,1
460000,,,INTARIAN_PEPPER_ROOT,XIRECS,11454.0,6,1
460700,,,INTARIAN_PEPPER_ROOT,XIRECS,11464.0,7,1
464100,,,INTARIAN_PEPPER_ROOT,XIRECS,11458.0,6,1
465200,,,INTARIAN_PEPPER_ROOT,XIRECS,11468.0,5,1
469000,,,ASH_COATED_OSMIUM,XIRECS,9993.0,2,1
469000,,,INTARIAN_PEPPER_ROOT,XIRECS,11475.0,7,1
470900,,,INTARIAN_PEPPER_ROOT,XIRECS,11465.0,7,1
476700,,,ASH_COATED_OSMIUM,XIRECS,10010.0,9,1
477600,,,ASH_COATED_OSMIUM,XIRECS,9993.0,10,1
479500,,,INTARIAN_PEPPER_ROOT,XIRECS,11473.0,3,1
483900,,,ASH_COATED_OSMIUM,XIRECS,10009.0,4,1
484200,,,INTARIAN_PEPPER_ROOT,XIRECS,11478.0,6,1
487100,,,ASH_COATED_OSMIUM,XIRECS,9994.0,3,1
487200,,,INTARIAN_PEPPER_ROOT,XIRECS,11493.0,6,1
488600,,,ASH_COATED_OSMIUM,XIRECS,9992.0,9,1
488700,,,INTARIAN_PEPPER_ROOT,XIRECS,11495.0,3,1
488800,,,INTARIAN_PEPPER_ROOT,XIRECS,11483.0,5,1
491600,,,ASH_COATED_OSMIUM,XIRECS,10010.0,2,1
492600,,,ASH_COATED_OSMIUM,XIRECS,9995.0,5,1
494600,,,INTARIAN_PEPPER_ROOT,XIRECS,11485.0,5,1
494900,,,INTARIAN_PEPPER_ROOT,XIRECS,11501.0,3,1
495600,,,ASH_COATED_OSMIUM,XIRECS,10013.0,6,1
495800,,,ASH_COATED_OSMIUM,XIRECS,9997.0,9,1
496100,,,ASH_COATED_OSMIUM,XIRECS,9997.0,3,1
497200,,,INTARIAN_PEPPER_ROOT,XIRECS,11488.0,4,1
497700,,,ASH_COATED_OSMIUM,XIRECS,10001.0,5,1
497800,,,INTARIAN_PEPPER_ROOT,XIRECS,11504.0,5,1
498800,,,INTARIAN_PEPPER_ROOT,XIRECS,11502.0,3,1
500000,,,ASH_COATED_OSMIUM,XIRECS,10011.0,5,1
500300,,,INTARIAN_PEPPER_ROOT,XIRECS,11507.0,6,1
503500,,,ASH_COATED_OSMIUM,XIRECS,9994.0,4,1
503800,,,INTARIAN_PEPPER_ROOT,XIRECS,11510.0,4,1
504900,,,INTARIAN_PEPPER_ROOT,XIRECS,11499.0,4,1
505900,,,ASH_COATED_OSMIUM,XIRECS,9993.0,4,1
506600,,,ASH_COATED_OSMIUM,XIRECS,10009.0,6,1
507700,,,INTARIAN_PEPPER_ROOT,XIRECS,11501.0,6,1
508700,,,INTARIAN_PEPPER_ROOT,XIRECS,11515.0,5,1
508800,,,INTARIAN_PEPPER_ROOT,XIRECS,11515.0,5,1
509600,,,INTARIAN_PEPPER_ROOT,XIRECS,11503.0,4,1
509900,,,ASH_COATED_OSMIUM,XIRECS,9995.0,2,1
510400,,,ASH_COATED_OSMIUM,XIRECS,9995.0,6,1
512100,,,INTARIAN_PEPPER_ROOT,XIRECS,11515.0,6,1
513000,,,INTARIAN_PEPPER_ROOT,XIRECS,11509.0,7,1
514300,,,INTARIAN_PEPPER_ROOT,XIRECS,11517.0,6,1
516600,,,ASH_COATED_OSMIUM,XIRECS,9996.0,4,1
516700,,,INTARIAN_PEPPER_ROOT,XIRECS,11523.0,6,1
517700,,,INTARIAN_PEPPER_ROOT,XIRECS,11511.0,7,1
519100,,,ASH_COATED_OSMIUM,XIRECS,10012.0,5,1
519200,,,INTARIAN_PEPPER_ROOT,XIRECS,11513.0,6,1
522400,,,ASH_COATED_OSMIUM,XIRECS,9995.0,5,1
523400,,,INTARIAN_PEPPER_ROOT,XIRECS,11517.0,6,1
524200,,,ASH_COATED_OSMIUM,XIRECS,10012.0,10,1
524600,,,INTARIAN_PEPPER_ROOT,XIRECS,11521.0,3,1
524700,,,INTARIAN_PEPPER_ROOT,XIRECS,11528.0,7,1
525200,,,ASH_COATED_OSMIUM,XIRECS,9995.0,5,1
525500,,,INTARIAN_PEPPER_ROOT,XIRECS,11516.0,6,1
527900,,,ASH_COATED_OSMIUM,XIRECS,10011.0,5,1
529400,,,INTARIAN_PEPPER_ROOT,XIRECS,11536.0,3,1
531800,,,ASH_COATED_OSMIUM,XIRECS,10013.0,5,1
534000,,,INTARIAN_PEPPER_ROOT,XIRECS,11537.0,4,1
534100,,,ASH_COATED_OSMIUM,XIRECS,9994.0,2,1
534100,,,INTARIAN_PEPPER_ROOT,XIRECS,11537.0,4,1
535800,,,ASH_COATED_OSMIUM,XIRECS,9994.0,5,1
536000,,,ASH_COATED_OSMIUM,XIRECS,9994.0,4,1
537800,,,INTARIAN_PEPPER_ROOT,XIRECS,11541.0,7,1
538800,,,ASH_COATED_OSMIUM,XIRECS,10006.0,5,1
541900,,,ASH_COATED_OSMIUM,XIRECS,10007.0,5,1
543100,,,INTARIAN_PEPPER_ROOT,XIRECS,11549.0,5,1
544200,,,INTARIAN_PEPPER_ROOT,XIRECS,11535.0,3,1
545000,,,ASH_COATED_OSMIUM,XIRECS,9991.0,6,1
547500,,,INTARIAN_PEPPER_ROOT,XIRECS,11541.0,6,1
547600,,,ASH_COATED_OSMIUM,XIRECS,10006.0,2,1
547800,,,INTARIAN_PEPPER_ROOT,XIRECS,11557.0,5,1
548100,,,ASH_COATED_OSMIUM,XIRECS,10009.0,4,1
549600,,,ASH_COATED_OSMIUM,XIRECS,10005.0,10,1
552200,,,INTARIAN_PEPPER_ROOT,XIRECS,11548.0,3,1
553200,,,INTARIAN_PEPPER_ROOT,XIRECS,11547.0,5,1
555400,,,INTARIAN_PEPPER_ROOT,XIRECS,11558.0,4,1
562200,,,ASH_COATED_OSMIUM,XIRECS,9989.0,2,1
564100,,,INTARIAN_PEPPER_ROOT,XIRECS,11558.0,7,1
564800,,,ASH_COATED_OSMIUM,XIRECS,9987.0,4,1
567700,,,ASH_COATED_OSMIUM,XIRECS,9989.0,4,1
571600,,,ASH_COATED_OSMIUM,XIRECS,10008.0,5,1
572700,,,ASH_COATED_OSMIUM,XIRECS,10008.0,3,1
573000,,,ASH_COATED_OSMIUM,XIRECS,9991.0,5,1
573400,,,ASH_COATED_OSMIUM,XIRECS,10007.0,3,1
574600,,,INTARIAN_PEPPER_ROOT,XIRECS,11578.0,8,1
574700,,,INTARIAN_PEPPER_ROOT,XIRECS,11581.0,6,1
575700,,,ASH_COATED_OSMIUM,XIRECS,10008.0,3,1
576500,,,INTARIAN_PEPPER_ROOT,XIRECS,11570.0,5,1
581000,,,ASH_COATED_OSMIUM,XIRECS,9989.0,6,1
582600,,,ASH_COATED_OSMIUM,XIRECS,10007.0,4,1
586900,,,INTARIAN_PEPPER_ROOT,XIRECS,11590.0,7,1
587000,,,ASH_COATED_OSMIUM,XIRECS,10008.0,6,1
588200,,,ASH_COATED_OSMIUM,XIRECS,10002.0,4,1
589500,,,ASH_COATED_OSMIUM,XIRECS,9992.0,3,1
590700,,,INTARIAN_PEPPER_ROOT,XIRECS,11594.0,8,1
591600,,,INTARIAN_PEPPER_ROOT,XIRECS,11588.0,7,1
592100,,,ASH_COATED_OSMIUM,XIRECS,9992.0,5,1
593200,,,INTARIAN_PEPPER_ROOT,XIRECS,11589.0,4,1
594000,,,ASH_COATED_OSMIUM,XIRECS,9989.0,6,1
596100,,,ASH_COATED_OSMIUM,XIRECS,9990.0,9,1
597100,,,INTARIAN_PEPPER_ROOT,XIRECS,11603.0,6,1
598000,,,ASH_COATED_OSMIUM,XIRECS,9990.0,6,1
599600,,,INTARIAN_PEPPER_ROOT,XIRECS,11606.0,4,1
602300,,,INTARIAN_PEPPER_ROOT,XIRECS,11596.0,3,1
605600,,,ASH_COATED_OSMIUM,XIRECS,10008.0,5,1
605800,,,INTARIAN_PEPPER_ROOT,XIRECS,11597.0,5,1
607000,,,ASH_COATED_OSMIUM,XIRECS,10008.0,2,1
607000,,,INTARIAN_PEPPER_ROOT,XIRECS,11603.0,4,1
610200,,,ASH_COATED_OSMIUM,XIRECS,9994.0,8,1
611100,,,INTARIAN_PEPPER_ROOT,XIRECS,11617.0,5,1
614900,,,ASH_COATED_OSMIUM,XIRECS,9995.0,5,1
617800,,,INTARIAN_PEPPER_ROOT,XIRECS,11611.0,6,1
618000,,,ASH_COATED_OSMIUM,XIRECS,10010.0,6,1
620100,,,INTARIAN_PEPPER_ROOT,XIRECS,11614.0,6,1
620400,,,ASH_COATED_OSMIUM,XIRECS,9994.0,6,1
621900,,,ASH_COATED_OSMIUM,XIRECS,9994.0,2,1
622100,,,INTARIAN_PEPPER_ROOT,XIRECS,11616.0,7,1
623600,,,INTARIAN_PEPPER_ROOT,XIRECS,11617.0,3,1
627500,,,INTARIAN_PEPPER_ROOT,XIRECS,11634.0,4,1
628200,,,ASH_COATED_OSMIUM,XIRECS,9994.0,4,1
628200,,,INTARIAN_PEPPER_ROOT,XIRECS,11622.0,5,1
628500,,,ASH_COATED_OSMIUM,XIRECS,10010.0,7,1
630300,,,INTARIAN_PEPPER_ROOT,XIRECS,11637.0,4,1
631800,,,INTARIAN_PEPPER_ROOT,XIRECS,11625.0,7,1
636500,,,ASH_COATED_OSMIUM,XIRECS,10013.0,6,1
636700,,,INTARIAN_PEPPER_ROOT,XIRECS,11643.0,5,1
637800,,,ASH_COATED_OSMIUM,XIRECS,10013.0,5,1
639300,,,INTARIAN_PEPPER_ROOT,XIRECS,11642.0,6,1
640900,,,INTARIAN_PEPPER_ROOT,XIRECS,11644.0,5,1
641400,,,INTARIAN_PEPPER_ROOT,XIRECS,11648.0,3,1
643800,,,ASH_COATED_OSMIUM,XIRECS,9996.0,5,1
644200,,,ASH_COATED_OSMIUM,XIRECS,10013.0,5,1
644600,,,ASH_COATED_OSMIUM,XIRECS,10013.0,8,1
647000,,,ASH_COATED_OSMIUM,XIRECS,10014.0,4,1
647400,,,ASH_COATED_OSMIUM,XIRECS,10015.0,5,1
649900,,,ASH_COATED_OSMIUM,XIRECS,10015.0,6,1
650300,,,ASH_COATED_OSMIUM,XIRECS,9996.0,9,1
651200,,,INTARIAN_PEPPER_ROOT,XIRECS,11645.0,7,1
651300,,,ASH_COATED_OSMIUM,XIRECS,10015.0,6,1
652400,,,INTARIAN_PEPPER_ROOT,XIRECS,11659.0,5,1
654500,,,ASH_COATED_OSMIUM,XIRECS,10015.0,5,1
655200,,,INTARIAN_PEPPER_ROOT,XIRECS,11649.0,5,1
656300,,,ASH_COATED_OSMIUM,XIRECS,10004.0,7,1
657400,,,ASH_COATED_OSMIUM,XIRECS,10016.0,5,1
657600,,,INTARIAN_PEPPER_ROOT,XIRECS,11651.0,5,1
659100,,,INTARIAN_PEPPER_ROOT,XIRECS,11655.0,5,1
659600,,,ASH_COATED_OSMIUM,XIRECS,10001.0,4,1
660400,,,ASH_COATED_OSMIUM,XIRECS,10017.0,2,1
660400,,,ASH_COATED_OSMIUM,XIRECS,10001.0,7,1
662400,,,ASH_COATED_OSMIUM,XIRECS,10001.0,5,1
662500,,,ASH_COATED_OSMIUM,XIRECS,10016.0,3,1
663100,,,ASH_COATED_OSMIUM,XIRECS,10017.0,6,1
663200,,,ASH_COATED_OSMIUM,XIRECS,10016.0,4,1
663600,,,INTARIAN_PEPPER_ROOT,XIRECS,11657.0,4,1
665000,,,INTARIAN_PEPPER_ROOT,XIRECS,11671.0,7,1
665400,,,ASH_COATED_OSMIUM,XIRECS,10001.0,8,1
666000,,,INTARIAN_PEPPER_ROOT,XIRECS,11672.0,4,1
667100,,,ASH_COATED_OSMIUM,XIRECS,10018.0,3,1
668200,,,INTARIAN_PEPPER_ROOT,XIRECS,11662.0,6,1
671000,,,INTARIAN_PEPPER_ROOT,XIRECS,11674.0,6,1
671500,,,ASH_COATED_OSMIUM,XIRECS,10003.0,5,1
671600,,,INTARIAN_PEPPER_ROOT,XIRECS,11668.0,3,1
673400,,,ASH_COATED_OSMIUM,XIRECS,10007.0,3,1
677400,,,ASH_COATED_OSMIUM,XIRECS,9999.0,8,1
679900,,,INTARIAN_PEPPER_ROOT,XIRECS,11689.0,4,1
680400,,,ASH_COATED_OSMIUM,XIRECS,10017.0,6,1
685300,,,ASH_COATED_OSMIUM,XIRECS,10016.0,6,1
685900,,,INTARIAN_PEPPER_ROOT,XIRECS,11680.0,5,1
686100,,,INTARIAN_PEPPER_ROOT,XIRECS,11682.0,3,1
689500,,,INTARIAN_PEPPER_ROOT,XIRECS,11683.0,6,1
689700,,,ASH_COATED_OSMIUM,XIRECS,9998.0,6,1
689700,,,INTARIAN_PEPPER_ROOT,XIRECS,11686.0,4,1
690800,,,INTARIAN_PEPPER_ROOT,XIRECS,11697.0,7,1
693400,,,ASH_COATED_OSMIUM,XIRECS,10014.0,8,1
693900,,,ASH_COATED_OSMIUM,XIRECS,10015.0,6,1
694100,,,ASH_COATED_OSMIUM,XIRECS,10016.0,8,1
694300,,,ASH_COATED_OSMIUM,XIRECS,9995.0,2,1
695800,,,INTARIAN_PEPPER_ROOT,XIRECS,11689.0,4,1
696400,,,INTARIAN_PEPPER_ROOT,XIRECS,11690.0,5,1
699500,,,ASH_COATED_OSMIUM,XIRECS,9996.0,6,1
700000,,,INTARIAN_PEPPER_ROOT,XIRECS,11709.0,5,1
704100,,,INTARIAN_PEPPER_ROOT,XIRECS,11700.0,8,1
705000,,,ASH_COATED_OSMIUM,XIRECS,10005.0,2,1
705600,,,ASH_COATED_OSMIUM,XIRECS,10013.0,3,1
706200,,,ASH_COATED_OSMIUM,XIRECS,10011.0,6,1
706500,,,INTARIAN_PEPPER_ROOT,XIRECS,11710.0,6,1
707200,,,INTARIAN_PEPPER_ROOT,XIRECS,11701.0,6,1
708200,,,ASH_COATED_OSMIUM,XIRECS,9995.0,10,1
709100,,,ASH_COATED_OSMIUM,XIRECS,10013.0,2,1
709600,,,INTARIAN_PEPPER_ROOT,XIRECS,11706.0,5,1
709800,,,INTARIAN_PEPPER_ROOT,XIRECS,11706.0,6,1
709900,,,ASH_COATED_OSMIUM,XIRECS,9992.0,5,1
710200,,,ASH_COATED_OSMIUM,XIRECS,10008.0,4,1
711100,,,ASH_COATED_OSMIUM,XIRECS,9990.0,3,1
711900,,,ASH_COATED_OSMIUM,XIRECS,10006.0,7,1
714600,,,ASH_COATED_OSMIUM,XIRECS,10009.0,6,1
716700,,,INTARIAN_PEPPER_ROOT,XIRECS,11723.0,5,1
718200,,,ASH_COATED_OSMIUM,XIRECS,9994.0,7,1
719200,,,INTARIAN_PEPPER_ROOT,XIRECS,11713.0,3,1
721400,,,INTARIAN_PEPPER_ROOT,XIRECS,11715.0,3,1
727200,,,ASH_COATED_OSMIUM,XIRECS,9991.0,9,1
727600,,,INTARIAN_PEPPER_ROOT,XIRECS,11724.0,3,1
728300,,,INTARIAN_PEPPER_ROOT,XIRECS,11731.0,6,1
729400,,,ASH_COATED_OSMIUM,XIRECS,10007.0,10,1
729500,,,ASH_COATED_OSMIUM,XIRECS,9991.0,4,1
729500,,,ASH_COATED_OSMIUM,XIRECS,9991.0,6,1
730200,,,INTARIAN_PEPPER_ROOT,XIRECS,11721.0,7,1
731900,,,ASH_COATED_OSMIUM,XIRECS,10008.0,5,1
732700,,,INTARIAN_PEPPER_ROOT,XIRECS,11726.0,6,1
732800,,,ASH_COATED_OSMIUM,XIRECS,10008.0,2,1
734100,,,INTARIAN_PEPPER_ROOT,XIRECS,11728.0,3,1
736300,,,ASH_COATED_OSMIUM,XIRECS,9986.0,10,1
736500,,,INTARIAN_PEPPER_ROOT,XIRECS,11730.0,4,1
740000,,,ASH_COATED_OSMIUM,XIRECS,10005.0,2,1
740200,,,ASH_COATED_OSMIUM,XIRECS,10005.0,9,1
741500,,,ASH_COATED_OSMIUM,XIRECS,10005.0,2,1
742300,,,ASH_COATED_OSMIUM,XIRECS,9987.0,6,1
744200,,,ASH_COATED_OSMIUM,XIRECS,9995.0,4,1
745200,,,ASH_COATED_OSMIUM,XIRECS,10000.0,10,1
745600,,,ASH_COATED_OSMIUM,XIRECS,9985.0,6,1
747500,,,ASH_COATED_OSMIUM,XIRECS,10003.0,2,1
747600,,,INTARIAN_PEPPER_ROOT,XIRECS,11741.0,4,1
748900,,,INTARIAN_PEPPER_ROOT,XIRECS,11755.0,3,1
750300,,,INTARIAN_PEPPER_ROOT,XIRECS,11757.0,6,1
753100,,,ASH_COATED_OSMIUM,XIRECS,9985.0,4,1
754300,,,INTARIAN_PEPPER_ROOT,XIRECS,11748.0,3,1
757000,,,INTARIAN_PEPPER_ROOT,XIRECS,11751.0,4,1
757600,,,INTARIAN_PEPPER_ROOT,XIRECS,11767.0,3,1
758400,,,INTARIAN_PEPPER_ROOT,XIRECS,11765.0,3,1
759900,,,ASH_COATED_OSMIUM,XIRECS,10001.0,6,1
760500,,,INTARIAN_PEPPER_ROOT,XIRECS,11767.0,3,1
760600,,,INTARIAN_PEPPER_ROOT,XIRECS,11757.0,3,1
761900,,,ASH_COATED_OSMIUM,XIRECS,10002.0,9,1
762800,,,ASH_COATED_OSMIUM,XIRECS,9997.0,8,1
763700,,,INTARIAN_PEPPER_ROOT,XIRECS,11770.0,3,1
765800,,,ASH_COATED_OSMIUM,XIRECS,9994.0,4,1
768500,,,ASH_COATED_OSMIUM,XIRECS,9993.0,2,1
770100,,,INTARIAN_PEPPER_ROOT,XIRECS,11764.0,6,1
772500,,,INTARIAN_PEPPER_ROOT,XIRECS,11766.0,5,1
772900,,,INTARIAN_PEPPER_ROOT,XIRECS,11767.0,4,1
773000,,,ASH_COATED_OSMIUM,XIRECS,9992.0,2,1
774300,,,ASH_COATED_OSMIUM,XIRECS,9995.0,9,1
775000,,,INTARIAN_PEPPER_ROOT,XIRECS,11766.0,3,1
775200,,,INTARIAN_PEPPER_ROOT,XIRECS,11769.0,7,1
776200,,,ASH_COATED_OSMIUM,XIRECS,10010.0,4,1
778000,,,INTARIAN_PEPPER_ROOT,XIRECS,11780.0,6,1
778200,,,INTARIAN_PEPPER_ROOT,XIRECS,11772.0,6,1
778300,,,ASH_COATED_OSMIUM,XIRECS,9994.0,5,1
778600,,,ASH_COATED_OSMIUM,XIRECS,10009.0,7,1
780700,,,INTARIAN_PEPPER_ROOT,XIRECS,11777.0,7,1
783500,,,INTARIAN_PEPPER_ROOT,XIRECS,11790.0,6,1
785700,,,INTARIAN_PEPPER_ROOT,XIRECS,11782.0,6,1
787800,,,ASH_COATED_OSMIUM,XIRECS,9992.0,3,1
791000,,,INTARIAN_PEPPER_ROOT,XIRECS,11787.0,8,1
791600,,,INTARIAN_PEPPER_ROOT,XIRECS,11785.0,4,1
792100,,,ASH_COATED_OSMIUM,XIRECS,9987.0,9,1
795600,,,INTARIAN_PEPPER_ROOT,XIRECS,11802.0,5,1
795700,,,INTARIAN_PEPPER_ROOT,XIRECS,11799.0,7,1
797000,,,ASH_COATED_OSMIUM,XIRECS,10003.0,2,1
799500,,,ASH_COATED_OSMIUM,XIRECS,9988.0,2,1
802300,,,ASH_COATED_OSMIUM,XIRECS,9986.0,6,1
805500,,,ASH_COATED_OSMIUM,XIRECS,9986.0,8,1
805800,,,INTARIAN_PEPPER_ROOT,XIRECS,11799.0,5,1
807000,,,INTARIAN_PEPPER_ROOT,XIRECS,11801.0,4,1
807700,,,INTARIAN_PEPPER_ROOT,XIRECS,11801.0,7,1
816800,,,INTARIAN_PEPPER_ROOT,XIRECS,11823.0,7,1
818000,,,INTARIAN_PEPPER_ROOT,XIRECS,11812.0,6,1
818800,,,ASH_COATED_OSMIUM,XIRECS,9988.0,2,1
820500,,,INTARIAN_PEPPER_ROOT,XIRECS,11811.0,7,1
821700,,,ASH_COATED_OSMIUM,XIRECS,10004.0,6,1
823900,,,INTARIAN_PEPPER_ROOT,XIRECS,11817.0,6,1
826700,,,ASH_COATED_OSMIUM,XIRECS,9982.0,6,1
827600,,,ASH_COATED_OSMIUM,XIRECS,9982.0,2,1
829300,,,INTARIAN_PEPPER_ROOT,XIRECS,11832.0,6,1
830500,,,ASH_COATED_OSMIUM,XIRECS,9998.0,3,1
830600,,,ASH_COATED_OSMIUM,XIRECS,9998.0,7,1
830900,,,INTARIAN_PEPPER_ROOT,XIRECS,11827.0,7,1
832800,,,INTARIAN_PEPPER_ROOT,XIRECS,11826.0,7,1
834000,,,ASH_COATED_OSMIUM,XIRECS,9992.0,3,1
834800,,,INTARIAN_PEPPER_ROOT,XIRECS,11828.0,5,1
835100,,,ASH_COATED_OSMIUM,XIRECS,10005.0,3,1
839400,,,INTARIAN_PEPPER_ROOT,XIRECS,11849.0,3,1
840600,,,ASH_COATED_OSMIUM,XIRECS,9988.0,2,1
842600,,,ASH_COATED_OSMIUM,XIRECS,10004.0,3,1
845900,,,ASH_COATED_OSMIUM,XIRECS,9989.0,9,1
846300,,,INTARIAN_PEPPER_ROOT,XIRECS,11840.0,3,1
846600,,,INTARIAN_PEPPER_ROOT,XIRECS,11840.0,5,1
847200,,,ASH_COATED_OSMIUM,XIRECS,9989.0,3,1
847400,,,INTARIAN_PEPPER_ROOT,XIRECS,11843.0,7,1
850900,,,ASH_COATED_OSMIUM,XIRECS,10004.0,5,1
851900,,,INTARIAN_PEPPER_ROOT,XIRECS,11848.0,4,1
852400,,,ASH_COATED_OSMIUM,XIRECS,9986.0,5,1
855000,,,ASH_COATED_OSMIUM,XIRECS,9989.0,4,1
856800,,,INTARIAN_PEPPER_ROOT,XIRECS,11853.0,8,1
859800,,,INTARIAN_PEPPER_ROOT,XIRECS,11863.0,4,1
861700,,,ASH_COATED_OSMIUM,XIRECS,9990.0,3,1
862300,,,INTARIAN_PEPPER_ROOT,XIRECS,11869.0,5,1
864700,,,ASH_COATED_OSMIUM,XIRECS,10008.0,6,1
865100,,,INTARIAN_PEPPER_ROOT,XIRECS,11859.0,5,1
865200,,,ASH_COATED_OSMIUM,XIRECS,10006.0,5,1
865600,,,INTARIAN_PEPPER_ROOT,XIRECS,11869.0,8,1
866000,,,INTARIAN_PEPPER_ROOT,XIRECS,11860.0,6,1
868300,,,ASH_COATED_OSMIUM,XIRECS,10008.0,4,1
869500,,,INTARIAN_PEPPER_ROOT,XIRECS,11876.0,7,1
870000,,,INTARIAN_PEPPER_ROOT,XIRECS,11876.0,6,1
870300,,,INTARIAN_PEPPER_ROOT,XIRECS,11864.0,6,1
870700,,,INTARIAN_PEPPER_ROOT,XIRECS,11877.0,6,1
871400,,,ASH_COATED_OSMIUM,XIRECS,9995.0,9,1
873900,,,ASH_COATED_OSMIUM,XIRECS,9992.0,5,1
874900,,,ASH_COATED_OSMIUM,XIRECS,9992.0,7,1
875600,,,ASH_COATED_OSMIUM,XIRECS,9992.0,4,1
875800,,,ASH_COATED_OSMIUM,XIRECS,9992.0,6,1
875900,,,ASH_COATED_OSMIUM,XIRECS,9992.0,6,1
881400,,,INTARIAN_PEPPER_ROOT,XIRECS,11875.0,6,1
881500,,,INTARIAN_PEPPER_ROOT,XIRECS,11888.0,4,1
881900,,,ASH_COATED_OSMIUM,XIRECS,10012.0,10,1
883100,,,ASH_COATED_OSMIUM,XIRECS,10010.0,2,1
884800,,,ASH_COATED_OSMIUM,XIRECS,10010.0,8,1
886200,,,INTARIAN_PEPPER_ROOT,XIRECS,11893.0,7,1
888100,,,ASH_COATED_OSMIUM,XIRECS,9991.0,6,1
888200,,,ASH_COATED_OSMIUM,XIRECS,9994.0,5,1
888600,,,ASH_COATED_OSMIUM,XIRECS,10010.0,2,1
891300,,,ASH_COATED_OSMIUM,XIRECS,10003.0,3,1
893300,,,INTARIAN_PEPPER_ROOT,XIRECS,11896.0,5,1
896500,,,INTARIAN_PEPPER_ROOT,XIRECS,11900.0,3,1
896700,,,ASH_COATED_OSMIUM,XIRECS,9993.0,3,1
896900,,,ASH_COATED_OSMIUM,XIRECS,10011.0,10,1
897900,,,INTARIAN_PEPPER_ROOT,XIRECS,11901.0,5,1
898000,,,ASH_COATED_OSMIUM,XIRECS,10009.0,10,1
898800,,,ASH_COATED_OSMIUM,XIRECS,10008.0,4,1
899100,,,ASH_COATED_OSMIUM,XIRECS,9992.0,9,1
899600,,,ASH_COATED_OSMIUM,XIRECS,10008.0,5,1
901200,,,INTARIAN_PEPPER_ROOT,XIRECS,11904.0,4,1
902700,,,ASH_COATED_OSMIUM,XIRECS,9987.0,4,1
904100,,,ASH_COATED_OSMIUM,XIRECS,9991.0,3,1
904700,,,ASH_COATED_OSMIUM,XIRECS,10005.0,6,1
905100,,,INTARIAN_PEPPER_ROOT,XIRECS,11912.0,6,1
907700,,,ASH_COATED_OSMIUM,XIRECS,10007.0,5,1
911300,,,ASH_COATED_OSMIUM,XIRECS,9990.0,6,1
912400,,,INTARIAN_PEPPER_ROOT,XIRECS,11906.0,7,1
912500,,,ASH_COATED_OSMIUM,XIRECS,10007.0,5,1
913600,,,INTARIAN_PEPPER_ROOT,XIRECS,11910.0,6,1
914500,,,ASH_COATED_OSMIUM,XIRECS,9986.0,10,1
914700,,,ASH_COATED_OSMIUM,XIRECS,10006.0,5,1
915600,,,ASH_COATED_OSMIUM,XIRECS,9990.0,5,1
917100,,,ASH_COATED_OSMIUM,XIRECS,9990.0,6,1
918300,,,INTARIAN_PEPPER_ROOT,XIRECS,11921.0,3,1
918900,,,INTARIAN_PEPPER_ROOT,XIRECS,11925.0,3,1
919000,,,ASH_COATED_OSMIUM,XIRECS,10005.0,3,1
920000,,,ASH_COATED_OSMIUM,XIRECS,10006.0,5,1
921500,,,ASH_COATED_OSMIUM,XIRECS,9989.0,4,1
922500,,,ASH_COATED_OSMIUM,XIRECS,9988.0,5,1
922600,,,ASH_COATED_OSMIUM,XIRECS,10008.0,3,1
925200,,,ASH_COATED_OSMIUM,XIRECS,9989.0,2,1
928500,,,INTARIAN_PEPPER_ROOT,XIRECS,11935.0,3,1
929800,,,ASH_COATED_OSMIUM,XIRECS,10004.0,3,1
933200,,,INTARIAN_PEPPER_ROOT,XIRECS,11924.0,3,1
934300,,,ASH_COATED_OSMIUM,XIRECS,9990.0,6,1
935000,,,ASH_COATED_OSMIUM,XIRECS,10007.0,5,1
935200,,,ASH_COATED_OSMIUM,XIRECS,10005.0,3,1
936400,,,ASH_COATED_OSMIUM,XIRECS,9987.0,3,1
936400,,,ASH_COATED_OSMIUM,XIRECS,10006.0,6,1
937900,,,ASH_COATED_OSMIUM,XIRECS,10006.0,2,1
938200,,,INTARIAN_PEPPER_ROOT,XIRECS,11934.0,3,1
939300,,,ASH_COATED_OSMIUM,XIRECS,10006.0,2,1
939400,,,ASH_COATED_OSMIUM,XIRECS,10008.0,3,1
939900,,,ASH_COATED_OSMIUM,XIRECS,9990.0,4,1
940300,,,ASH_COATED_OSMIUM,XIRECS,9990.0,6,1
940900,,,ASH_COATED_OSMIUM,XIRECS,9991.0,4,1
940900,,,ASH_COATED_OSMIUM,XIRECS,9991.0,9,1
941600,,,INTARIAN_PEPPER_ROOT,XIRECS,11935.0,5,1
944100,,,INTARIAN_PEPPER_ROOT,XIRECS,11951.0,3,1
944400,,,INTARIAN_PEPPER_ROOT,XIRECS,11954.0,7,1
945800,,,INTARIAN_PEPPER_ROOT,XIRECS,11949.0,3,1
947600,,,INTARIAN_PEPPER_ROOT,XIRECS,11941.0,7,1
948900,,,ASH_COATED_OSMIUM,XIRECS,9995.0,4,1
949400,,,INTARIAN_PEPPER_ROOT,XIRECS,11945.0,6,1
951500,,,ASH_COATED_OSMIUM,XIRECS,9996.0,6,1
951800,,,INTARIAN_PEPPER_ROOT,XIRECS,11961.0,6,1
952000,,,ASH_COATED_OSMIUM,XIRECS,9995.0,6,1
952100,,,INTARIAN_PEPPER_ROOT,XIRECS,11946.0,4,1
952900,,,ASH_COATED_OSMIUM,XIRECS,9992.0,9,1
954500,,,ASH_COATED_OSMIUM,XIRECS,9995.0,5,1
954800,,,ASH_COATED_OSMIUM,XIRECS,10010.0,5,1
954800,,,ASH_COATED_OSMIUM,XIRECS,9994.0,7,1
955200,,,ASH_COATED_OSMIUM,XIRECS,10010.0,6,1
955300,,,ASH_COATED_OSMIUM,XIRECS,9995.0,6,1
958000,,,INTARIAN_PEPPER_ROOT,XIRECS,11964.0,3,1
962100,,,ASH_COATED_OSMIUM,XIRECS,10015.0,5,1
963100,,,INTARIAN_PEPPER_ROOT,XIRECS,11966.0,5,1
965400,,,INTARIAN_PEPPER_ROOT,XIRECS,11959.0,5,1
968200,,,ASH_COATED_OSMIUM,XIRECS,9995.0,3,1
968200,,,INTARIAN_PEPPER_ROOT,XIRECS,11962.0,7,1
968700,,,ASH_COATED_OSMIUM,XIRECS,9994.0,6,1
969300,,,ASH_COATED_OSMIUM,XIRECS,9995.0,3,1
973300,,,ASH_COATED_OSMIUM,XIRECS,9994.0,2,1
974400,,,INTARIAN_PEPPER_ROOT,XIRECS,11977.0,5,1
976100,,,INTARIAN_PEPPER_ROOT,XIRECS,11970.0,3,1
976700,,,INTARIAN_PEPPER_ROOT,XIRECS,11970.0,6,1
983900,,,ASH_COATED_OSMIUM,XIRECS,10012.0,7,1
984200,,,ASH_COATED_OSMIUM,XIRECS,9996.0,2,1
984400,,,INTARIAN_PEPPER_ROOT,XIRECS,11991.0,3,1
985200,,,INTARIAN_PEPPER_ROOT,XIRECS,11992.0,5,1
987100,,,ASH_COATED_OSMIUM,XIRECS,9996.0,6,1
988000,,,ASH_COATED_OSMIUM,XIRECS,10011.0,6,1
988100,,,ASH_COATED_OSMIUM,XIRECS,10011.0,8,1
991300,,,INTARIAN_PEPPER_ROOT,XIRECS,11985.0,7,1
991500,,,INTARIAN_PEPPER_ROOT,XIRECS,12001.0,6,1
994100,,,ASH_COATED_OSMIUM,XIRECS,9993.0,10,1
995200,,,INTARIAN_PEPPER_ROOT,XIRECS,11989.0,4,1
995800,,,ASH_COATED_OSMIUM,XIRECS,9993.0,6,1
997100,,,ASH_COATED_OSMIUM,XIRECS,10009.0,6,1
997800,,,ASH_COATED_OSMIUM,XIRECS,9994.0,5,1
998300,,,INTARIAN_PEPPER_ROOT,XIRECS,12005.0,6,1
200,,,INTARIAN_PEPPER_ROOT,XIRECS,12007.0,5,2
3300,,,INTARIAN_PEPPER_ROOT,XIRECS,12010.0,7,2
4100,,,INTARIAN_PEPPER_ROOT,XIRECS,11998.0,6,2
6300,,,ASH_COATED_OSMIUM,XIRECS,10009.0,5,2
6800,,,INTARIAN_PEPPER_ROOT,XIRECS,12000.0,5,2
7000,,,ASH_COATED_OSMIUM,XIRECS,10008.0,4,2
7100,,,ASH_COATED_OSMIUM,XIRECS,10008.0,3,2
8600,,,ASH_COATED_OSMIUM,XIRECS,10008.0,5,2
9300,,,ASH_COATED_OSMIUM,XIRECS,9992.0,7,2
9300,,,INTARIAN_PEPPER_ROOT,XIRECS,12005.0,6,2
9700,,,ASH_COATED_OSMIUM,XIRECS,10009.0,5,2
11900,,,INTARIAN_PEPPER_ROOT,XIRECS,12015.0,4,2
12500,,,ASH_COATED_OSMIUM,XIRECS,10013.0,10,2
12600,,,ASH_COATED_OSMIUM,XIRECS,10011.0,9,2
17700,,,ASH_COATED_OSMIUM,XIRECS,10009.0,5,2
21200,,,ASH_COATED_OSMIUM,XIRECS,10008.0,10,2
22000,,,ASH_COATED_OSMIUM,XIRECS,9993.0,5,2
22500,,,INTARIAN_PEPPER_ROOT,XIRECS,12018.0,4,2
22700,,,ASH_COATED_OSMIUM,XIRECS,9994.0,9,2
23100,,,INTARIAN_PEPPER_ROOT,XIRECS,12014.0,5,2
23200,,,ASH_COATED_OSMIUM,XIRECS,9993.0,6,2
23200,,,INTARIAN_PEPPER_ROOT,XIRECS,12019.0,4,2
23600,,,ASH_COATED_OSMIUM,XIRECS,9990.0,6,2
24600,,,ASH_COATED_OSMIUM,XIRECS,10008.0,5,2
28400,,,INTARIAN_PEPPER_ROOT,XIRECS,12024.0,8,2
30100,,,ASH_COATED_OSMIUM,XIRECS,10009.0,5,2
31500,,,ASH_COATED_OSMIUM,XIRECS,9993.0,10,2
33800,,,ASH_COATED_OSMIUM,XIRECS,10010.0,4,2
35100,,,ASH_COATED_OSMIUM,XIRECS,9993.0,7,2
36900,,,INTARIAN_PEPPER_ROOT,XIRECS,12030.0,3,2
37200,,,INTARIAN_PEPPER_ROOT,XIRECS,12031.0,4,2
37300,,,ASH_COATED_OSMIUM,XIRECS,10008.0,7,2
37300,,,INTARIAN_PEPPER_ROOT,XIRECS,12033.0,5,2
38200,,,INTARIAN_PEPPER_ROOT,XIRECS,12034.0,5,2
38400,,,INTARIAN_PEPPER_ROOT,XIRECS,12042.0,3,2
39200,,,INTARIAN_PEPPER_ROOT,XIRECS,12033.0,3,2
40500,,,ASH_COATED_OSMIUM,XIRECS,10009.0,8,2
40500,,,INTARIAN_PEPPER_ROOT,XIRECS,12036.0,7,2
41100,,,ASH_COATED_OSMIUM,XIRECS,9993.0,6,2
41900,,,ASH_COATED_OSMIUM,XIRECS,9993.0,6,2
46300,,,ASH_COATED_OSMIUM,XIRECS,9992.0,4,2
47900,,,INTARIAN_PEPPER_ROOT,XIRECS,12044.0,4,2
49200,,,INTARIAN_PEPPER_ROOT,XIRECS,12056.0,5,2
52500,,,ASH_COATED_OSMIUM,XIRECS,10006.0,5,2
53200,,,INTARIAN_PEPPER_ROOT,XIRECS,12063.0,5,2
56500,,,ASH_COATED_OSMIUM,XIRECS,9985.0,2,2
58200,,,ASH_COATED_OSMIUM,XIRECS,10003.0,6,2
59500,,,ASH_COATED_OSMIUM,XIRECS,10002.0,5,2
60800,,,ASH_COATED_OSMIUM,XIRECS,10003.0,8,2
61800,,,ASH_COATED_OSMIUM,XIRECS,10005.0,5,2
62200,,,ASH_COATED_OSMIUM,XIRECS,9999.0,3,2
62300,,,ASH_COATED_OSMIUM,XIRECS,10005.0,2,2
62800,,,ASH_COATED_OSMIUM,XIRECS,10005.0,9,2
65600,,,INTARIAN_PEPPER_ROOT,XIRECS,12069.0,8,2
65800,,,INTARIAN_PEPPER_ROOT,XIRECS,12059.0,4,2
67100,,,INTARIAN_PEPPER_ROOT,XIRECS,12061.0,4,2
68000,,,ASH_COATED_OSMIUM,XIRECS,10005.0,5,2
68200,,,INTARIAN_PEPPER_ROOT,XIRECS,12059.0,3,2
71300,,,ASH_COATED_OSMIUM,XIRECS,9989.0,10,2
74500,,,INTARIAN_PEPPER_ROOT,XIRECS,12081.0,6,2
75000,,,INTARIAN_PEPPER_ROOT,XIRECS,12068.0,5,2
77900,,,INTARIAN_PEPPER_ROOT,XIRECS,12071.0,4,2
78300,,,ASH_COATED_OSMIUM,XIRECS,9994.0,2,2
79400,,,ASH_COATED_OSMIUM,XIRECS,10013.0,4,2
79600,,,ASH_COATED_OSMIUM,XIRECS,10010.0,5,2
79800,,,INTARIAN_PEPPER_ROOT,XIRECS,12073.0,6,2
81400,,,ASH_COATED_OSMIUM,XIRECS,10008.0,2,2
85300,,,INTARIAN_PEPPER_ROOT,XIRECS,12088.0,6,2
86800,,,ASH_COATED_OSMIUM,XIRECS,9991.0,10,2
86800,,,INTARIAN_PEPPER_ROOT,XIRECS,12090.0,5,2
89000,,,ASH_COATED_OSMIUM,XIRECS,10012.0,4,2
92600,,,INTARIAN_PEPPER_ROOT,XIRECS,12096.0,5,2
96000,,,INTARIAN_PEPPER_ROOT,XIRECS,12089.0,7,2
96900,,,INTARIAN_PEPPER_ROOT,XIRECS,12103.0,4,2
97500,,,ASH_COATED_OSMIUM,XIRECS,9990.0,6,2
97600,,,ASH_COATED_OSMIUM,XIRECS,10008.0,6,2
100000,,,INTARIAN_PEPPER_ROOT,XIRECS,12103.0,4,2
100100,,,INTARIAN_PEPPER_ROOT,XIRECS,12107.0,7,2
102600,,,INTARIAN_PEPPER_ROOT,XIRECS,12098.0,4,2
106900,,,ASH_COATED_OSMIUM,XIRECS,10010.0,7,2
110100,,,INTARIAN_PEPPER_ROOT,XIRECS,12117.0,7,2
111300,,,ASH_COATED_OSMIUM,XIRECS,9995.0,3,2
112200,,,ASH_COATED_OSMIUM,XIRECS,10010.0,2,2
113600,,,INTARIAN_PEPPER_ROOT,XIRECS,12120.0,7,2
115400,,,INTARIAN_PEPPER_ROOT,XIRECS,12122.0,6,2
116600,,,ASH_COATED_OSMIUM,XIRECS,9996.0,8,2
118200,,,INTARIAN_PEPPER_ROOT,XIRECS,12125.0,6,2
120700,,,ASH_COATED_OSMIUM,XIRECS,9996.0,5,2
120800,,,ASH_COATED_OSMIUM,XIRECS,10002.0,5,2
126000,,,INTARIAN_PEPPER_ROOT,XIRECS,12119.0,5,2
128400,,,INTARIAN_PEPPER_ROOT,XIRECS,12122.0,7,2
128900,,,ASH_COATED_OSMIUM,XIRECS,9999.0,3,2
132300,,,ASH_COATED_OSMIUM,XIRECS,10008.0,4,2
134100,,,ASH_COATED_OSMIUM,XIRECS,9991.0,2,2
137400,,,ASH_COATED_OSMIUM,XIRECS,9993.0,7,2
139000,,,ASH_COATED_OSMIUM,XIRECS,9994.0,7,2
139000,,,INTARIAN_PEPPER_ROOT,XIRECS,12146.0,3,2
139100,,,ASH_COATED_OSMIUM,XIRECS,10010.0,2,2
139400,,,INTARIAN_PEPPER_ROOT,XIRECS,12133.0,7,2
141700,,,INTARIAN_PEPPER_ROOT,XIRECS,12145.0,6,2
142400,,,INTARIAN_PEPPER_ROOT,XIRECS,12138.0,5,2
143400,,,INTARIAN_PEPPER_ROOT,XIRECS,12137.0,7,2
147600,,,INTARIAN_PEPPER_ROOT,XIRECS,12154.0,6,2
147700,,,INTARIAN_PEPPER_ROOT,XIRECS,12154.0,3,2
148100,,,INTARIAN_PEPPER_ROOT,XIRECS,12144.0,3,2
148700,,,INTARIAN_PEPPER_ROOT,XIRECS,12145.0,8,2
150500,,,INTARIAN_PEPPER_ROOT,XIRECS,12144.0,6,2
151400,,,ASH_COATED_OSMIUM,XIRECS,9991.0,6,2
153700,,,ASH_COATED_OSMIUM,XIRECS,9996.0,5,2
153800,,,ASH_COATED_OSMIUM,XIRECS,9996.0,5,2
157600,,,ASH_COATED_OSMIUM,XIRECS,9999.0,5,2
159500,,,INTARIAN_PEPPER_ROOT,XIRECS,12153.0,7,2
166700,,,ASH_COATED_OSMIUM,XIRECS,10016.0,6,2
167900,,,ASH_COATED_OSMIUM,XIRECS,10014.0,4,2
168000,,,ASH_COATED_OSMIUM,XIRECS,9998.0,8,2
168600,,,ASH_COATED_OSMIUM,XIRECS,9995.0,6,2
169500,,,ASH_COATED_OSMIUM,XIRECS,10013.0,5,2
170000,,,INTARIAN_PEPPER_ROOT,XIRECS,12177.0,7,2
170400,,,INTARIAN_PEPPER_ROOT,XIRECS,12164.0,3,2
171200,,,ASH_COATED_OSMIUM,XIRECS,9998.0,3,2
172200,,,ASH_COATED_OSMIUM,XIRECS,9995.0,2,2
172800,,,INTARIAN_PEPPER_ROOT,XIRECS,12176.0,3,2
179600,,,INTARIAN_PEPPER_ROOT,XIRECS,12170.0,5,2
180500,,,ASH_COATED_OSMIUM,XIRECS,10001.0,2,2
180600,,,ASH_COATED_OSMIUM,XIRECS,10001.0,5,2
182200,,,INTARIAN_PEPPER_ROOT,XIRECS,12189.0,5,2
183700,,,INTARIAN_PEPPER_ROOT,XIRECS,12190.0,3,2
186400,,,INTARIAN_PEPPER_ROOT,XIRECS,12193.0,7,2
186800,,,ASH_COATED_OSMIUM,XIRECS,10015.0,5,2
187700,,,ASH_COATED_OSMIUM,XIRECS,9999.0,2,2
191200,,,ASH_COATED_OSMIUM,XIRECS,10013.0,10,2
192400,,,INTARIAN_PEPPER_ROOT,XIRECS,12186.0,3,2
192800,,,ASH_COATED_OSMIUM,XIRECS,10013.0,3,2
192800,,,INTARIAN_PEPPER_ROOT,XIRECS,12199.0,7,2
193800,,,ASH_COATED_OSMIUM,XIRECS,9997.0,3,2
194400,,,ASH_COATED_OSMIUM,XIRECS,9997.0,4,2
196500,,,INTARIAN_PEPPER_ROOT,XIRECS,12192.0,7,2
198500,,,ASH_COATED_OSMIUM,XIRECS,10014.0,2,2
198800,,,INTARIAN_PEPPER_ROOT,XIRECS,12192.0,6,2
202000,,,ASH_COATED_OSMIUM,XIRECS,9996.0,2,2
203700,,,INTARIAN_PEPPER_ROOT,XIRECS,12213.0,7,2
204900,,,ASH_COATED_OSMIUM,XIRECS,10010.0,9,2
205800,,,ASH_COATED_OSMIUM,XIRECS,9999.0,5,2
207200,,,ASH_COATED_OSMIUM,XIRECS,10008.0,2,2
209800,,,ASH_COATED_OSMIUM,XIRECS,9989.0,9,2
210100,,,ASH_COATED_OSMIUM,XIRECS,10006.0,3,2
211000,,,ASH_COATED_OSMIUM,XIRECS,9990.0,8,2
212000,,,ASH_COATED_OSMIUM,XIRECS,9990.0,7,2
213100,,,INTARIAN_PEPPER_ROOT,XIRECS,12216.0,6,2
213500,,,ASH_COATED_OSMIUM,XIRECS,10005.0,5,2
214400,,,ASH_COATED_OSMIUM,XIRECS,9988.0,8,2
214600,,,ASH_COATED_OSMIUM,XIRECS,10007.0,6,2
216000,,,INTARIAN_PEPPER_ROOT,XIRECS,12212.0,3,2
216600,,,INTARIAN_PEPPER_ROOT,XIRECS,12212.0,7,2
216800,,,INTARIAN_PEPPER_ROOT,XIRECS,12223.0,6,2
219100,,,ASH_COATED_OSMIUM,XIRECS,9993.0,5,2
221300,,,ASH_COATED_OSMIUM,XIRECS,10009.0,10,2
224500,,,INTARIAN_PEPPER_ROOT,XIRECS,12231.0,6,2
224700,,,ASH_COATED_OSMIUM,XIRECS,9992.0,7,2
226400,,,ASH_COATED_OSMIUM,XIRECS,9991.0,5,2
229300,,,INTARIAN_PEPPER_ROOT,XIRECS,12236.0,6,2
230100,,,ASH_COATED_OSMIUM,XIRECS,10007.0,4,2
230600,,,ASH_COATED_OSMIUM,XIRECS,10008.0,7,2
233100,,,INTARIAN_PEPPER_ROOT,XIRECS,12226.0,5,2
233600,,,ASH_COATED_OSMIUM,XIRECS,9990.0,7,2
234200,,,ASH_COATED_OSMIUM,XIRECS,9989.0,6,2
235100,,,ASH_COATED_OSMIUM,XIRECS,10005.0,6,2
235800,,,ASH_COATED_OSMIUM,XIRECS,10004.0,5,2
235900,,,INTARIAN_PEPPER_ROOT,XIRECS,12226.0,7,2
237100,,,INTARIAN_PEPPER_ROOT,XIRECS,12247.0,6,2
237600,,,INTARIAN_PEPPER_ROOT,XIRECS,12231.0,3,2
238200,,,ASH_COATED_OSMIUM,XIRECS,9986.0,8,2
240400,,,INTARIAN_PEPPER_ROOT,XIRECS,12234.0,6,2
240900,,,INTARIAN_PEPPER_ROOT,XIRECS,12251.0,5,2
243400,,,INTARIAN_PEPPER_ROOT,XIRECS,12237.0,5,2
244200,,,INTARIAN_PEPPER_ROOT,XIRECS,12251.0,6,2
246200,,,ASH_COATED_OSMIUM,XIRECS,9986.0,3,2
248500,,,INTARIAN_PEPPER_ROOT,XIRECS,12244.0,8,2
249200,,,INTARIAN_PEPPER_ROOT,XIRECS,12256.0,4,2
249400,,,ASH_COATED_OSMIUM,XIRECS,9985.0,6,2
251000,,,ASH_COATED_OSMIUM,XIRECS,9985.0,4,2
251800,,,INTARIAN_PEPPER_ROOT,XIRECS,12255.0,4,2
251900,,,ASH_COATED_OSMIUM,XIRECS,10002.0,3,2
253600,,,ASH_COATED_OSMIUM,XIRECS,9985.0,3,2
254100,,,INTARIAN_PEPPER_ROOT,XIRECS,12261.0,6,2
255700,,,ASH_COATED_OSMIUM,XIRECS,10002.0,4,2
256000,,,ASH_COATED_OSMIUM,XIRECS,10003.0,5,2
256700,,,INTARIAN_PEPPER_ROOT,XIRECS,12263.0,5,2
257900,,,ASH_COATED_OSMIUM,XIRECS,10003.0,7,2
258200,,,ASH_COATED_OSMIUM,XIRECS,10003.0,3,2
258500,,,ASH_COATED_OSMIUM,XIRECS,9988.0,9,2
260200,,,INTARIAN_PEPPER_ROOT,XIRECS,12256.0,3,2
262100,,,INTARIAN_PEPPER_ROOT,XIRECS,12269.0,6,2
262400,,,ASH_COATED_OSMIUM,XIRECS,10007.0,10,2
264000,,,INTARIAN_PEPPER_ROOT,XIRECS,12257.0,3,2
265200,,,INTARIAN_PEPPER_ROOT,XIRECS,12261.0,8,2
265500,,,INTARIAN_PEPPER_ROOT,XIRECS,12261.0,6,2
265900,,,INTARIAN_PEPPER_ROOT,XIRECS,12262.0,8,2
266300,,,ASH_COATED_OSMIUM,XIRECS,10010.0,3,2
267000,,,ASH_COATED_OSMIUM,XIRECS,10009.0,5,2
268400,,,ASH_COATED_OSMIUM,XIRECS,9993.0,7,2
271900,,,INTARIAN_PEPPER_ROOT,XIRECS,12282.0,7,2
272000,,,ASH_COATED_OSMIUM,XIRECS,10014.0,3,2
273000,,,ASH_COATED_OSMIUM,XIRECS,9996.0,6,2
274000,,,ASH_COATED_OSMIUM,XIRECS,10011.0,3,2
276900,,,ASH_COATED_OSMIUM,XIRECS,10010.0,5,2
277700,,,INTARIAN_PEPPER_ROOT,XIRECS,12284.0,4,2
280600,,,ASH_COATED_OSMIUM,XIRECS,9994.0,6,2
280600,,,INTARIAN_PEPPER_ROOT,XIRECS,12276.0,8,2
282800,,,ASH_COATED_OSMIUM,XIRECS,9992.0,8,2
285700,,,ASH_COATED_OSMIUM,XIRECS,9997.0,10,2
287000,,,ASH_COATED_OSMIUM,XIRECS,10006.0,2,2
292000,,,ASH_COATED_OSMIUM,XIRECS,9991.0,7,2
292400,,,INTARIAN_PEPPER_ROOT,XIRECS,12296.0,6,2
293200,,,INTARIAN_PEPPER_ROOT,XIRECS,12289.0,7,2
293700,,,ASH_COATED_OSMIUM,XIRECS,10010.0,4,2
295400,,,ASH_COATED_OSMIUM,XIRECS,10008.0,10,2
297300,,,INTARIAN_PEPPER_ROOT,XIRECS,12293.0,3,2
297600,,,INTARIAN_PEPPER_ROOT,XIRECS,12293.0,8,2
298500,,,ASH_COATED_OSMIUM,XIRECS,10015.0,6,2
298500,,,INTARIAN_PEPPER_ROOT,XIRECS,12292.0,7,2
299900,,,ASH_COATED_OSMIUM,XIRECS,9996.0,4,2
300500,,,INTARIAN_PEPPER_ROOT,XIRECS,12294.0,3,2
302600,,,ASH_COATED_OSMIUM,XIRECS,10012.0,2,2
303200,,,ASH_COATED_OSMIUM,XIRECS,10010.0,8,2
305000,,,ASH_COATED_OSMIUM,XIRECS,9999.0,5,2
305100,,,INTARIAN_PEPPER_ROOT,XIRECS,12298.0,6,2
307100,,,INTARIAN_PEPPER_ROOT,XIRECS,12314.0,4,2
311500,,,ASH_COATED_OSMIUM,XIRECS,9993.0,10,2
313100,,,ASH_COATED_OSMIUM,XIRECS,10011.0,5,2
315300,,,ASH_COATED_OSMIUM,XIRECS,9995.0,5,2
317300,,,INTARIAN_PEPPER_ROOT,XIRECS,12327.0,5,2
318500,,,INTARIAN_PEPPER_ROOT,XIRECS,12312.0,6,2
318600,,,ASH_COATED_OSMIUM,XIRECS,9993.0,5,2
319300,,,INTARIAN_PEPPER_ROOT,XIRECS,12313.0,5,2
320400,,,ASH_COATED_OSMIUM,XIRECS,10015.0,7,2
321500,,,INTARIAN_PEPPER_ROOT,XIRECS,12328.0,3,2
321800,,,ASH_COATED_OSMIUM,XIRECS,9995.0,10,2
323700,,,ASH_COATED_OSMIUM,XIRECS,9995.0,6,2
325600,,,ASH_COATED_OSMIUM,XIRECS,9993.0,6,2
327600,,,INTARIAN_PEPPER_ROOT,XIRECS,12323.0,3,2
329100,,,INTARIAN_PEPPER_ROOT,XIRECS,12322.0,5,2
331600,,,INTARIAN_PEPPER_ROOT,XIRECS,12322.0,7,2
332900,,,ASH_COATED_OSMIUM,XIRECS,9995.0,5,2
335800,,,ASH_COATED_OSMIUM,XIRECS,9994.0,10,2
337100,,,ASH_COATED_OSMIUM,XIRECS,10012.0,8,2
340300,,,INTARIAN_PEPPER_ROOT,XIRECS,12347.0,6,2
340500,,,ASH_COATED_OSMIUM,XIRECS,10009.0,4,2
342900,,,ASH_COATED_OSMIUM,XIRECS,9995.0,9,2
346300,,,INTARIAN_PEPPER_ROOT,XIRECS,12350.0,8,2
350000,,,ASH_COATED_OSMIUM,XIRECS,10009.0,3,2
351800,,,ASH_COATED_OSMIUM,XIRECS,10010.0,5,2
352200,,,ASH_COATED_OSMIUM,XIRECS,9995.0,4,2
352200,,,INTARIAN_PEPPER_ROOT,XIRECS,12359.0,7,2
354000,,,INTARIAN_PEPPER_ROOT,XIRECS,12350.0,3,2
354400,,,ASH_COATED_OSMIUM,XIRECS,10010.0,3,2
354400,,,INTARIAN_PEPPER_ROOT,XIRECS,12350.0,4,2
355300,,,INTARIAN_PEPPER_ROOT,XIRECS,12349.0,7,2
356100,,,INTARIAN_PEPPER_ROOT,XIRECS,12349.0,4,2
360900,,,ASH_COATED_OSMIUM,XIRECS,10010.0,5,2
361900,,,INTARIAN_PEPPER_ROOT,XIRECS,12369.0,6,2
363100,,,INTARIAN_PEPPER_ROOT,XIRECS,12356.0,4,2
366200,,,ASH_COATED_OSMIUM,XIRECS,10012.0,5,2
366200,,,ASH_COATED_OSMIUM,XIRECS,10012.0,7,2
368900,,,ASH_COATED_OSMIUM,XIRECS,9999.0,5,2
374200,,,INTARIAN_PEPPER_ROOT,XIRECS,12381.0,5,2
374300,,,INTARIAN_PEPPER_ROOT,XIRECS,12368.0,3,2
374900,,,INTARIAN_PEPPER_ROOT,XIRECS,12382.0,5,2
376000,,,ASH_COATED_OSMIUM,XIRECS,10011.0,2,2
376100,,,INTARIAN_PEPPER_ROOT,XIRECS,12369.0,5,2
378200,,,INTARIAN_PEPPER_ROOT,XIRECS,12372.0,3,2
378500,,,INTARIAN_PEPPER_ROOT,XIRECS,12385.0,7,2
379400,,,INTARIAN_PEPPER_ROOT,XIRECS,12386.0,7,2
379500,,,ASH_COATED_OSMIUM,XIRECS,9993.0,9,2
379800,,,ASH_COATED_OSMIUM,XIRECS,9995.0,8,2
380200,,,ASH_COATED_OSMIUM,XIRECS,9994.0,5,2
380400,,,ASH_COATED_OSMIUM,XIRECS,9994.0,6,2
381800,,,INTARIAN_PEPPER_ROOT,XIRECS,12372.0,6,2
383300,,,ASH_COATED_OSMIUM,XIRECS,10009.0,8,2
384100,,,ASH_COATED_OSMIUM,XIRECS,9993.0,3,2
384800,,,ASH_COATED_OSMIUM,XIRECS,9993.0,7,2
386500,,,INTARIAN_PEPPER_ROOT,XIRECS,12390.0,3,2
387500,,,INTARIAN_PEPPER_ROOT,XIRECS,12391.0,7,2
388200,,,ASH_COATED_OSMIUM,XIRECS,10011.0,10,2
388500,,,ASH_COATED_OSMIUM,XIRECS,10011.0,7,2
389500,,,ASH_COATED_OSMIUM,XIRECS,9992.0,2,2
389500,,,INTARIAN_PEPPER_ROOT,XIRECS,12383.0,4,2
392200,,,ASH_COATED_OSMIUM,XIRECS,9992.0,4,2
397900,,,INTARIAN_PEPPER_ROOT,XIRECS,12394.0,6,2
398400,,,INTARIAN_PEPPER_ROOT,XIRECS,12405.0,5,2
398600,,,ASH_COATED_OSMIUM,XIRECS,10012.0,9,2
399300,,,ASH_COATED_OSMIUM,XIRECS,10011.0,5,2
400900,,,INTARIAN_PEPPER_ROOT,XIRECS,12391.0,4,2
401200,,,ASH_COATED_OSMIUM,XIRECS,10012.0,5,2
404700,,,INTARIAN_PEPPER_ROOT,XIRECS,12395.0,5,2
405700,,,ASH_COATED_OSMIUM,XIRECS,9993.0,6,2
407200,,,ASH_COATED_OSMIUM,XIRECS,10011.0,4,2
408200,,,ASH_COATED_OSMIUM,XIRECS,9992.0,6,2
409000,,,ASH_COATED_OSMIUM,XIRECS,9994.0,2,2
409600,,,INTARIAN_PEPPER_ROOT,XIRECS,12405.0,6,2
410100,,,ASH_COATED_OSMIUM,XIRECS,10010.0,3,2
410200,,,ASH_COATED_OSMIUM,XIRECS,10013.0,5,2
412500,,,ASH_COATED_OSMIUM,XIRECS,9992.0,7,2
413900,,,ASH_COATED_OSMIUM,XIRECS,10012.0,5,2
416000,,,ASH_COATED_OSMIUM,XIRECS,9999.0,2,2
421200,,,INTARIAN_PEPPER_ROOT,XIRECS,12424.0,5,2
422100,,,INTARIAN_PEPPER_ROOT,XIRECS,12415.0,7,2
422200,,,ASH_COATED_OSMIUM,XIRECS,10009.0,6,2
423200,,,ASH_COATED_OSMIUM,XIRECS,9993.0,6,2
424000,,,ASH_COATED_OSMIUM,XIRECS,10007.0,8,2
425300,,,ASH_COATED_OSMIUM,XIRECS,10008.0,4,2
425600,,,ASH_COATED_OSMIUM,XIRECS,10006.0,8,2
426000,,,ASH_COATED_OSMIUM,XIRECS,10007.0,7,2
430500,,,ASH_COATED_OSMIUM,XIRECS,9991.0,4,2
432600,,,ASH_COATED_OSMIUM,XIRECS,9991.0,6,2
434800,,,INTARIAN_PEPPER_ROOT,XIRECS,12428.0,3,2
435000,,,ASH_COATED_OSMIUM,XIRECS,10008.0,4,2
437100,,,INTARIAN_PEPPER_ROOT,XIRECS,12427.0,5,2
438900,,,ASH_COATED_OSMIUM,XIRECS,10011.0,5,2
439500,,,ASH_COATED_OSMIUM,XIRECS,9989.0,6,2
441100,,,ASH_COATED_OSMIUM,XIRECS,9993.0,3,2
441600,,,ASH_COATED_OSMIUM,XIRECS,10003.0,4,2
442300,,,INTARIAN_PEPPER_ROOT,XIRECS,12438.0,7,2
446300,,,INTARIAN_PEPPER_ROOT,XIRECS,12453.0,5,2
448600,,,INTARIAN_PEPPER_ROOT,XIRECS,12455.0,3,2
448900,,,ASH_COATED_OSMIUM,XIRECS,10010.0,5,2
450900,,,INTARIAN_PEPPER_ROOT,XIRECS,12444.0,6,2
451200,,,INTARIAN_PEPPER_ROOT,XIRECS,12444.0,7,2
452500,,,INTARIAN_PEPPER_ROOT,XIRECS,12456.0,8,2
454100,,,ASH_COATED_OSMIUM,XIRECS,9999.0,6,2
454400,,,ASH_COATED_OSMIUM,XIRECS,9999.0,8,2
458100,,,INTARIAN_PEPPER_ROOT,XIRECS,12454.0,8,2
459800,,,INTARIAN_PEPPER_ROOT,XIRECS,12453.0,6,2
460800,,,ASH_COATED_OSMIUM,XIRECS,9998.0,5,2
463700,,,INTARIAN_PEPPER_ROOT,XIRECS,12467.0,3,2
469200,,,ASH_COATED_OSMIUM,XIRECS,10014.0,3,2
470800,,,ASH_COATED_OSMIUM,XIRECS,10014.0,9,2
470800,,,INTARIAN_PEPPER_ROOT,XIRECS,12478.0,7,2
471100,,,INTARIAN_PEPPER_ROOT,XIRECS,12474.0,6,2
475200,,,ASH_COATED_OSMIUM,XIRECS,9995.0,6,2
477400,,,ASH_COATED_OSMIUM,XIRECS,10010.0,5,2
477900,,,ASH_COATED_OSMIUM,XIRECS,10008.0,3,2
478200,,,ASH_COATED_OSMIUM,XIRECS,10008.0,3,2
478700,,,INTARIAN_PEPPER_ROOT,XIRECS,12474.0,3,2
480500,,,INTARIAN_PEPPER_ROOT,XIRECS,12487.0,4,2
484300,,,ASH_COATED_OSMIUM,XIRECS,9988.0,9,2
485200,,,ASH_COATED_OSMIUM,XIRECS,9989.0,6,2
485300,,,INTARIAN_PEPPER_ROOT,XIRECS,12479.0,3,2
486400,,,ASH_COATED_OSMIUM,XIRECS,10009.0,5,2
486700,,,INTARIAN_PEPPER_ROOT,XIRECS,12480.0,4,2
487800,,,INTARIAN_PEPPER_ROOT,XIRECS,12481.0,3,2
489100,,,ASH_COATED_OSMIUM,XIRECS,9994.0,6,2
490700,,,ASH_COATED_OSMIUM,XIRECS,9993.0,3,2
491300,,,INTARIAN_PEPPER_ROOT,XIRECS,12495.0,4,2
492400,,,INTARIAN_PEPPER_ROOT,XIRECS,12486.0,3,2
495900,,,INTARIAN_PEPPER_ROOT,XIRECS,12489.0,6,2
496300,,,ASH_COATED_OSMIUM,XIRECS,9991.0,3,2
498300,,,ASH_COATED_OSMIUM,XIRECS,9993.0,7,2
501000,,,ASH_COATED_OSMIUM,XIRECS,9992.0,2,2
505400,,,ASH_COATED_OSMIUM,XIRECS,10011.0,5,2
506500,,,ASH_COATED_OSMIUM,XIRECS,10012.0,3,2
506800,,,ASH_COATED_OSMIUM,XIRECS,10000.0,2,2
513000,,,INTARIAN_PEPPER_ROOT,XIRECS,12520.0,6,2
513400,,,INTARIAN_PEPPER_ROOT,XIRECS,12520.0,7,2
513900,,,INTARIAN_PEPPER_ROOT,XIRECS,12517.0,7,2
514700,,,INTARIAN_PEPPER_ROOT,XIRECS,12521.0,5,2
515500,,,ASH_COATED_OSMIUM,XIRECS,9997.0,6,2
516100,,,INTARIAN_PEPPER_ROOT,XIRECS,12509.0,7,2
516900,,,INTARIAN_PEPPER_ROOT,XIRECS,12510.0,5,2
517700,,,ASH_COATED_OSMIUM,XIRECS,10003.0,3,2
520900,,,ASH_COATED_OSMIUM,XIRECS,10016.0,6,2
521700,,,ASH_COATED_OSMIUM,XIRECS,10015.0,5,2
522200,,,ASH_COATED_OSMIUM,XIRECS,9998.0,5,2
522800,,,INTARIAN_PEPPER_ROOT,XIRECS,12530.0,5,2
523600,,,ASH_COATED_OSMIUM,XIRECS,9997.0,9,2
524200,,,INTARIAN_PEPPER_ROOT,XIRECS,12521.0,7,2
525500,,,ASH_COATED_OSMIUM,XIRECS,10013.0,3,2
526000,,,ASH_COATED_OSMIUM,XIRECS,10013.0,7,2
526400,,,ASH_COATED_OSMIUM,XIRECS,10013.0,5,2
527700,,,ASH_COATED_OSMIUM,XIRECS,9994.0,3,2
530400,,,INTARIAN_PEPPER_ROOT,XIRECS,12534.0,7,2
531200,,,ASH_COATED_OSMIUM,XIRECS,10013.0,2,2
532000,,,INTARIAN_PEPPER_ROOT,XIRECS,12525.0,4,2
533100,,,INTARIAN_PEPPER_ROOT,XIRECS,12523.0,5,2
533800,,,ASH_COATED_OSMIUM,XIRECS,10015.0,4,2
534300,,,ASH_COATED_OSMIUM,XIRECS,10001.0,6,2
536800,,,ASH_COATED_OSMIUM,XIRECS,10019.0,2,2
537400,,,ASH_COATED_OSMIUM,XIRECS,10020.0,2,2
538300,,,INTARIAN_PEPPER_ROOT,XIRECS,12545.0,6,2
539900,,,INTARIAN_PEPPER_ROOT,XIRECS,12550.0,5,2
541000,,,ASH_COATED_OSMIUM,XIRECS,10021.0,6,2
541200,,,INTARIAN_PEPPER_ROOT,XIRECS,12534.0,7,2
544100,,,ASH_COATED_OSMIUM,XIRECS,10007.0,7,2
545400,,,ASH_COATED_OSMIUM,XIRECS,10023.0,2,2
546100,,,ASH_COATED_OSMIUM,XIRECS,10006.0,5,2
546800,,,INTARIAN_PEPPER_ROOT,XIRECS,12540.0,6,2
548100,,,ASH_COATED_OSMIUM,XIRECS,10026.0,9,2
548400,,,ASH_COATED_OSMIUM,XIRECS,10003.0,4,2
553700,,,ASH_COATED_OSMIUM,XIRECS,10003.0,5,2
554200,,,INTARIAN_PEPPER_ROOT,XIRECS,12561.0,3,2
554300,,,INTARIAN_PEPPER_ROOT,XIRECS,12550.0,3,2
557200,,,ASH_COATED_OSMIUM,XIRECS,10019.0,6,2
557600,,,ASH_COATED_OSMIUM,XIRECS,10021.0,6,2
560100,,,ASH_COATED_OSMIUM,XIRECS,10019.0,6,2
563400,,,INTARIAN_PEPPER_ROOT,XIRECS,12557.0,4,2
563900,,,ASH_COATED_OSMIUM,XIRECS,10000.0,3,2
564300,,,ASH_COATED_OSMIUM,XIRECS,10018.0,3,2
566200,,,INTARIAN_PEPPER_ROOT,XIRECS,12559.0,6,2
566300,,,ASH_COATED_OSMIUM,XIRECS,10018.0,5,2
567200,,,ASH_COATED_OSMIUM,XIRECS,10019.0,5,2
568200,,,INTARIAN_PEPPER_ROOT,XIRECS,12564.0,7,2
568500,,,ASH_COATED_OSMIUM,XIRECS,10012.0,5,2
573800,,,ASH_COATED_OSMIUM,XIRECS,10019.0,6,2
574600,,,ASH_COATED_OSMIUM,XIRECS,10001.0,9,2
575200,,,ASH_COATED_OSMIUM,XIRECS,10017.0,2,2
575500,,,INTARIAN_PEPPER_ROOT,XIRECS,12582.0,5,2
576900,,,ASH_COATED_OSMIUM,XIRECS,10000.0,10,2
579000,,,ASH_COATED_OSMIUM,XIRECS,10000.0,9,2
579200,,,INTARIAN_PEPPER_ROOT,XIRECS,12575.0,4,2
579400,,,ASH_COATED_OSMIUM,XIRECS,10016.0,5,2
580300,,,ASH_COATED_OSMIUM,XIRECS,10017.0,3,2
581100,,,INTARIAN_PEPPER_ROOT,XIRECS,12574.0,4,2
581300,,,ASH_COATED_OSMIUM,XIRECS,10000.0,4,2
583100,,,ASH_COATED_OSMIUM,XIRECS,9998.0,4,2
584800,,,INTARIAN_PEPPER_ROOT,XIRECS,12595.0,3,2
586600,,,ASH_COATED_OSMIUM,XIRECS,10015.0,6,2
587200,,,ASH_COATED_OSMIUM,XIRECS,9997.0,5,2
589200,,,ASH_COATED_OSMIUM,XIRECS,9994.0,2,2
591500,,,ASH_COATED_OSMIUM,XIRECS,10013.0,10,2
592300,,,INTARIAN_PEPPER_ROOT,XIRECS,12599.0,3,2
595400,,,INTARIAN_PEPPER_ROOT,XIRECS,12585.0,3,2
596200,,,ASH_COATED_OSMIUM,XIRECS,10014.0,7,2
603100,,,ASH_COATED_OSMIUM,XIRECS,10015.0,9,2
604700,,,ASH_COATED_OSMIUM,XIRECS,10013.0,6,2
607300,,,ASH_COATED_OSMIUM,XIRECS,9996.0,3,2
607800,,,INTARIAN_PEPPER_ROOT,XIRECS,12615.0,6,2
608000,,,INTARIAN_PEPPER_ROOT,XIRECS,12604.0,5,2
608300,,,ASH_COATED_OSMIUM,XIRECS,10011.0,8,2
609000,,,INTARIAN_PEPPER_ROOT,XIRECS,12616.0,7,2
609600,,,ASH_COATED_OSMIUM,XIRECS,10009.0,6,2
610900,,,INTARIAN_PEPPER_ROOT,XIRECS,12618.0,7,2
611900,,,INTARIAN_PEPPER_ROOT,XIRECS,12622.0,7,2
615100,,,ASH_COATED_OSMIUM,XIRECS,9993.0,3,2
616100,,,ASH_COATED_OSMIUM,XIRECS,10007.0,2,2
616200,,,INTARIAN_PEPPER_ROOT,XIRECS,12623.0,5,2
618000,,,INTARIAN_PEPPER_ROOT,XIRECS,12614.0,6,2
618800,,,ASH_COATED_OSMIUM,XIRECS,10009.0,10,2
619800,,,INTARIAN_PEPPER_ROOT,XIRECS,12627.0,5,2
619900,,,ASH_COATED_OSMIUM,XIRECS,9994.0,5,2
623900,,,ASH_COATED_OSMIUM,XIRECS,10014.0,3,2
624100,,,ASH_COATED_OSMIUM,XIRECS,9995.0,4,2
626000,,,ASH_COATED_OSMIUM,XIRECS,9993.0,2,2
626400,,,ASH_COATED_OSMIUM,XIRECS,10002.0,3,2
626700,,,ASH_COATED_OSMIUM,XIRECS,10008.0,4,2
628800,,,INTARIAN_PEPPER_ROOT,XIRECS,12622.0,3,2
629100,,,INTARIAN_PEPPER_ROOT,XIRECS,12625.0,4,2
630100,,,ASH_COATED_OSMIUM,XIRECS,10009.0,2,2
631200,,,ASH_COATED_OSMIUM,XIRECS,10010.0,9,2
632400,,,ASH_COATED_OSMIUM,XIRECS,9994.0,5,2
632500,,,INTARIAN_PEPPER_ROOT,XIRECS,12639.0,4,2
632800,,,INTARIAN_PEPPER_ROOT,XIRECS,12626.0,4,2
633900,,,ASH_COATED_OSMIUM,XIRECS,10004.0,2,2
634300,,,ASH_COATED_OSMIUM,XIRECS,10011.0,6,2
634300,,,INTARIAN_PEPPER_ROOT,XIRECS,12624.0,5,2
635000,,,INTARIAN_PEPPER_ROOT,XIRECS,12638.0,5,2
635100,,,ASH_COATED_OSMIUM,XIRECS,10010.0,6,2
638000,,,ASH_COATED_OSMIUM,XIRECS,10013.0,4,2
638300,,,INTARIAN_PEPPER_ROOT,XIRECS,12628.0,6,2
639500,,,ASH_COATED_OSMIUM,XIRECS,9995.0,7,2
639600,,,ASH_COATED_OSMIUM,XIRECS,9996.0,4,2
639800,,,INTARIAN_PEPPER_ROOT,XIRECS,12643.0,5,2
641600,,,INTARIAN_PEPPER_ROOT,XIRECS,12637.0,8,2
641800,,,INTARIAN_PEPPER_ROOT,XIRECS,12645.0,6,2
642400,,,INTARIAN_PEPPER_ROOT,XIRECS,12638.0,8,2
644500,,,INTARIAN_PEPPER_ROOT,XIRECS,12638.0,5,2
648100,,,INTARIAN_PEPPER_ROOT,XIRECS,12651.0,3,2
649200,,,ASH_COATED_OSMIUM,XIRECS,9999.0,3,2
649900,,,ASH_COATED_OSMIUM,XIRECS,9991.0,4,2
654200,,,ASH_COATED_OSMIUM,XIRECS,9990.0,5,2
654400,,,ASH_COATED_OSMIUM,XIRECS,9991.0,3,2
656900,,,ASH_COATED_OSMIUM,XIRECS,9996.0,5,2
657500,,,INTARIAN_PEPPER_ROOT,XIRECS,12664.0,7,2
657900,,,ASH_COATED_OSMIUM,XIRECS,10007.0,10,2
660600,,,ASH_COATED_OSMIUM,XIRECS,9984.0,6,2
663300,,,INTARIAN_PEPPER_ROOT,XIRECS,12667.0,3,2
664400,,,INTARIAN_PEPPER_ROOT,XIRECS,12654.0,7,2
665000,,,INTARIAN_PEPPER_ROOT,XIRECS,12672.0,4,2
665200,,,ASH_COATED_OSMIUM,XIRECS,9999.0,5,2
665700,,,ASH_COATED_OSMIUM,XIRECS,10000.0,8,2
667500,,,ASH_COATED_OSMIUM,XIRECS,9984.0,4,2
667800,,,INTARIAN_PEPPER_ROOT,XIRECS,12675.0,4,2
668100,,,ASH_COATED_OSMIUM,XIRECS,10000.0,3,2
668300,,,INTARIAN_PEPPER_ROOT,XIRECS,12675.0,7,2
668300,,,INTARIAN_PEPPER_ROOT,XIRECS,12672.0,4,2
670500,,,ASH_COATED_OSMIUM,XIRECS,10003.0,2,2
670800,,,ASH_COATED_OSMIUM,XIRECS,9987.0,9,2
671400,,,INTARIAN_PEPPER_ROOT,XIRECS,12665.0,3,2
674800,,,ASH_COATED_OSMIUM,XIRECS,10005.0,7,2
676600,,,INTARIAN_PEPPER_ROOT,XIRECS,12680.0,6,2
676700,,,ASH_COATED_OSMIUM,XIRECS,9984.0,5,2
679700,,,INTARIAN_PEPPER_ROOT,XIRECS,12673.0,6,2
680300,,,ASH_COATED_OSMIUM,XIRECS,9987.0,6,2
681500,,,ASH_COATED_OSMIUM,XIRECS,9983.0,3,2
682900,,,ASH_COATED_OSMIUM,XIRECS,10003.0,7,2
683700,,,INTARIAN_PEPPER_ROOT,XIRECS,12691.0,6,2
684100,,,ASH_COATED_OSMIUM,XIRECS,9987.0,8,2
684700,,,ASH_COATED_OSMIUM,XIRECS,9985.0,3,2
686800,,,INTARIAN_PEPPER_ROOT,XIRECS,12680.0,5,2
688600,,,INTARIAN_PEPPER_ROOT,XIRECS,12682.0,4,2
690800,,,ASH_COATED_OSMIUM,XIRECS,9983.0,5,2
693100,,,ASH_COATED_OSMIUM,XIRECS,10001.0,4,2
694700,,,ASH_COATED_OSMIUM,XIRECS,10001.0,8,2
694800,,,INTARIAN_PEPPER_ROOT,XIRECS,12702.0,5,2
696300,,,INTARIAN_PEPPER_ROOT,XIRECS,12700.0,6,2
696600,,,ASH_COATED_OSMIUM,XIRECS,10001.0,3,2
696800,,,INTARIAN_PEPPER_ROOT,XIRECS,12700.0,5,2
699600,,,ASH_COATED_OSMIUM,XIRECS,9997.0,9,2
700300,,,INTARIAN_PEPPER_ROOT,XIRECS,12707.0,4,2
700800,,,INTARIAN_PEPPER_ROOT,XIRECS,12708.0,3,2
708200,,,ASH_COATED_OSMIUM,XIRECS,9998.0,5,2
709600,,,ASH_COATED_OSMIUM,XIRECS,9999.0,2,2
709800,,,ASH_COATED_OSMIUM,XIRECS,9997.0,5,2
710100,,,ASH_COATED_OSMIUM,XIRECS,9997.0,7,2
719900,,,INTARIAN_PEPPER_ROOT,XIRECS,12716.0,5,2
720700,,,INTARIAN_PEPPER_ROOT,XIRECS,12714.0,6,2
721400,,,ASH_COATED_OSMIUM,XIRECS,9997.0,4,2
722200,,,INTARIAN_PEPPER_ROOT,XIRECS,12729.0,3,2
724600,,,ASH_COATED_OSMIUM,XIRECS,9995.0,2,2
728100,,,ASH_COATED_OSMIUM,XIRECS,9999.0,10,2
728400,,,ASH_COATED_OSMIUM,XIRECS,10000.0,9,2
729300,,,ASH_COATED_OSMIUM,XIRECS,10000.0,8,2
730000,,,ASH_COATED_OSMIUM,XIRECS,9999.0,2,2
731100,,,ASH_COATED_OSMIUM,XIRECS,9983.0,5,2
731200,,,ASH_COATED_OSMIUM,XIRECS,9983.0,7,2
732000,,,ASH_COATED_OSMIUM,XIRECS,9982.0,6,2
732700,,,INTARIAN_PEPPER_ROOT,XIRECS,12728.0,8,2
738700,,,INTARIAN_PEPPER_ROOT,XIRECS,12732.0,6,2
739900,,,ASH_COATED_OSMIUM,XIRECS,9981.0,4,2
743700,,,ASH_COATED_OSMIUM,XIRECS,9984.0,2,2
743700,,,ASH_COATED_OSMIUM,XIRECS,10003.0,8,2
745000,,,ASH_COATED_OSMIUM,XIRECS,10001.0,6,2
746600,,,INTARIAN_PEPPER_ROOT,XIRECS,12742.0,7,2
746800,,,INTARIAN_PEPPER_ROOT,XIRECS,12750.0,4,2
747600,,,INTARIAN_PEPPER_ROOT,XIRECS,12758.0,5,2
751100,,,INTARIAN_PEPPER_ROOT,XIRECS,12758.0,7,2
753500,,,ASH_COATED_OSMIUM,XIRECS,9988.0,7,2
755400,,,ASH_COATED_OSMIUM,XIRECS,9989.0,3,2
755800,,,ASH_COATED_OSMIUM,XIRECS,9989.0,2,2
756100,,,INTARIAN_PEPPER_ROOT,XIRECS,12749.0,5,2
756200,,,ASH_COATED_OSMIUM,XIRECS,9989.0,9,2
757100,,,ASH_COATED_OSMIUM,XIRECS,10006.0,6,2
757800,,,INTARIAN_PEPPER_ROOT,XIRECS,12751.0,4,2
759600,,,ASH_COATED_OSMIUM,XIRECS,10006.0,3,2
762600,,,ASH_COATED_OSMIUM,XIRECS,9990.0,7,2
763700,,,INTARIAN_PEPPER_ROOT,XIRECS,12754.0,5,2
765700,,,ASH_COATED_OSMIUM,XIRECS,9989.0,6,2
767500,,,ASH_COATED_OSMIUM,XIRECS,9995.0,3,2
767500,,,INTARIAN_PEPPER_ROOT,XIRECS,12761.0,3,2
767600,,,ASH_COATED_OSMIUM,XIRECS,10006.0,10,2
768400,,,INTARIAN_PEPPER_ROOT,XIRECS,12775.0,6,2
769400,,,ASH_COATED_OSMIUM,XIRECS,9991.0,6,2
769500,,,ASH_COATED_OSMIUM,XIRECS,9990.0,7,2
770000,,,INTARIAN_PEPPER_ROOT,XIRECS,12773.0,3,2
770200,,,ASH_COATED_OSMIUM,XIRECS,9988.0,5,2
773600,,,ASH_COATED_OSMIUM,XIRECS,9992.0,5,2
774200,,,INTARIAN_PEPPER_ROOT,XIRECS,12767.0,6,2
774500,,,INTARIAN_PEPPER_ROOT,XIRECS,12778.0,8,2
779300,,,ASH_COATED_OSMIUM,XIRECS,9988.0,4,2
780200,,,ASH_COATED_OSMIUM,XIRECS,9987.0,4,2
780800,,,ASH_COATED_OSMIUM,XIRECS,10006.0,6,2
781500,,,ASH_COATED_OSMIUM,XIRECS,10008.0,3,2
781500,,,INTARIAN_PEPPER_ROOT,XIRECS,12777.0,7,2
782400,,,ASH_COATED_OSMIUM,XIRECS,9987.0,4,2
782700,,,ASH_COATED_OSMIUM,XIRECS,10004.0,6,2
783400,,,ASH_COATED_OSMIUM,XIRECS,10005.0,2,2
784600,,,ASH_COATED_OSMIUM,XIRECS,10006.0,4,2
785100,,,INTARIAN_PEPPER_ROOT,XIRECS,12792.0,3,2
787100,,,ASH_COATED_OSMIUM,XIRECS,10008.0,4,2
788800,,,ASH_COATED_OSMIUM,XIRECS,9989.0,6,2
791600,,,INTARIAN_PEPPER_ROOT,XIRECS,12798.0,5,2
792200,,,INTARIAN_PEPPER_ROOT,XIRECS,12785.0,6,2
793200,,,ASH_COATED_OSMIUM,XIRECS,10005.0,4,2
793900,,,INTARIAN_PEPPER_ROOT,XIRECS,12790.0,6,2
794800,,,ASH_COATED_OSMIUM,XIRECS,9990.0,5,2
795500,,,INTARIAN_PEPPER_ROOT,XIRECS,12789.0,4,2
796800,,,INTARIAN_PEPPER_ROOT,XIRECS,12800.0,7,2
797200,,,ASH_COATED_OSMIUM,XIRECS,10004.0,10,2
797300,,,ASH_COATED_OSMIUM,XIRECS,10004.0,6,2
798000,,,ASH_COATED_OSMIUM,XIRECS,10006.0,3,2
798000,,,INTARIAN_PEPPER_ROOT,XIRECS,12808.0,4,2
799100,,,INTARIAN_PEPPER_ROOT,XIRECS,12789.0,6,2
800600,,,INTARIAN_PEPPER_ROOT,XIRECS,12796.0,4,2
801100,,,INTARIAN_PEPPER_ROOT,XIRECS,12808.0,5,2
802800,,,ASH_COATED_OSMIUM,XIRECS,10006.0,5,2
803300,,,ASH_COATED_OSMIUM,XIRECS,10006.0,10,2
804000,,,ASH_COATED_OSMIUM,XIRECS,9987.0,3,2
804400,,,ASH_COATED_OSMIUM,XIRECS,10009.0,4,2
805400,,,ASH_COATED_OSMIUM,XIRECS,10006.0,2,2
808300,,,ASH_COATED_OSMIUM,XIRECS,10010.0,5,2
808600,,,ASH_COATED_OSMIUM,XIRECS,9993.0,2,2
809300,,,ASH_COATED_OSMIUM,XIRECS,10011.0,5,2
809500,,,INTARIAN_PEPPER_ROOT,XIRECS,12805.0,5,2
812300,,,ASH_COATED_OSMIUM,XIRECS,9991.0,2,2
812600,,,ASH_COATED_OSMIUM,XIRECS,10010.0,2,2
814300,,,ASH_COATED_OSMIUM,XIRECS,9994.0,5,2
814800,,,INTARIAN_PEPPER_ROOT,XIRECS,12825.0,7,2
815000,,,ASH_COATED_OSMIUM,XIRECS,9994.0,4,2
815200,,,INTARIAN_PEPPER_ROOT,XIRECS,12822.0,6,2
818800,,,INTARIAN_PEPPER_ROOT,XIRECS,12826.0,4,2
819700,,,INTARIAN_PEPPER_ROOT,XIRECS,12827.0,3,2
821100,,,ASH_COATED_OSMIUM,XIRECS,9995.0,9,2
822000,,,INTARIAN_PEPPER_ROOT,XIRECS,12818.0,8,2
825200,,,INTARIAN_PEPPER_ROOT,XIRECS,12821.0,3,2
830800,,,ASH_COATED_OSMIUM,XIRECS,9995.0,9,2
831100,,,ASH_COATED_OSMIUM,XIRECS,10012.0,4,2
831400,,,INTARIAN_PEPPER_ROOT,XIRECS,12835.0,8,2
832400,,,INTARIAN_PEPPER_ROOT,XIRECS,12839.0,6,2
835800,,,INTARIAN_PEPPER_ROOT,XIRECS,12843.0,6,2
838400,,,INTARIAN_PEPPER_ROOT,XIRECS,12828.0,5,2
838800,,,INTARIAN_PEPPER_ROOT,XIRECS,12842.0,5,2
841900,,,INTARIAN_PEPPER_ROOT,XIRECS,12845.0,3,2
842100,,,ASH_COATED_OSMIUM,XIRECS,10012.0,5,2
843800,,,ASH_COATED_OSMIUM,XIRECS,10013.0,4,2
844300,,,INTARIAN_PEPPER_ROOT,XIRECS,12851.0,5,2
844400,,,INTARIAN_PEPPER_ROOT,XIRECS,12837.0,4,2
846300,,,INTARIAN_PEPPER_ROOT,XIRECS,12839.0,3,2
848800,,,INTARIAN_PEPPER_ROOT,XIRECS,12856.0,4,2
851400,,,INTARIAN_PEPPER_ROOT,XIRECS,12858.0,5,2
852800,,,ASH_COATED_OSMIUM,XIRECS,10007.0,5,2
853000,,,INTARIAN_PEPPER_ROOT,XIRECS,12863.0,5,2
853100,,,ASH_COATED_OSMIUM,XIRECS,9996.0,5,2
853300,,,INTARIAN_PEPPER_ROOT,XIRECS,12846.0,5,2
854000,,,ASH_COATED_OSMIUM,XIRECS,10014.0,6,2
856500,,,ASH_COATED_OSMIUM,XIRECS,9992.0,5,2
860600,,,ASH_COATED_OSMIUM,XIRECS,9992.0,2,2
861400,,,ASH_COATED_OSMIUM,XIRECS,9993.0,4,2
861600,,,ASH_COATED_OSMIUM,XIRECS,10009.0,2,2
861800,,,INTARIAN_PEPPER_ROOT,XIRECS,12865.0,3,2
864000,,,ASH_COATED_OSMIUM,XIRECS,10007.0,3,2
864600,,,ASH_COATED_OSMIUM,XIRECS,9990.0,3,2
864900,,,INTARIAN_PEPPER_ROOT,XIRECS,12868.0,7,2
866000,,,INTARIAN_PEPPER_ROOT,XIRECS,12873.0,6,2
866200,,,INTARIAN_PEPPER_ROOT,XIRECS,12862.0,3,2
869000,,,INTARIAN_PEPPER_ROOT,XIRECS,12865.0,5,2
870200,,,INTARIAN_PEPPER_ROOT,XIRECS,12874.0,6,2
871900,,,ASH_COATED_OSMIUM,XIRECS,10009.0,5,2
872600,,,ASH_COATED_OSMIUM,XIRECS,9991.0,3,2
873100,,,INTARIAN_PEPPER_ROOT,XIRECS,12866.0,6,2
875700,,,ASH_COATED_OSMIUM,XIRECS,9988.0,10,2
878600,,,INTARIAN_PEPPER_ROOT,XIRECS,12882.0,5,2
880100,,,ASH_COATED_OSMIUM,XIRECS,9992.0,3,2
881300,,,ASH_COATED_OSMIUM,XIRECS,9991.0,4,2
881600,,,INTARIAN_PEPPER_ROOT,XIRECS,12871.0,4,2
882200,,,INTARIAN_PEPPER_ROOT,XIRECS,12892.0,7,2
882400,,,ASH_COATED_OSMIUM,XIRECS,10007.0,5,2
883800,,,ASH_COATED_OSMIUM,XIRECS,10006.0,5,2
885400,,,ASH_COATED_OSMIUM,XIRECS,9988.0,2,2
885600,,,ASH_COATED_OSMIUM,XIRECS,10006.0,4,2
890500,,,ASH_COATED_OSMIUM,XIRECS,9988.0,5,2
891900,,,ASH_COATED_OSMIUM,XIRECS,10008.0,6,2
892100,,,INTARIAN_PEPPER_ROOT,XIRECS,12885.0,4,2
892800,,,ASH_COATED_OSMIUM,XIRECS,9989.0,6,2
892900,,,INTARIAN_PEPPER_ROOT,XIRECS,12886.0,3,2
893500,,,INTARIAN_PEPPER_ROOT,XIRECS,12889.0,3,2
894200,,,INTARIAN_PEPPER_ROOT,XIRECS,12901.0,7,2
896500,,,INTARIAN_PEPPER_ROOT,XIRECS,12890.0,6,2
902000,,,INTARIAN_PEPPER_ROOT,XIRECS,12895.0,4,2
903100,,,ASH_COATED_OSMIUM,XIRECS,10011.0,10,2
904700,,,INTARIAN_PEPPER_ROOT,XIRECS,12900.0,7,2
904800,,,INTARIAN_PEPPER_ROOT,XIRECS,12898.0,7,2
906500,,,INTARIAN_PEPPER_ROOT,XIRECS,12917.0,6,2
908600,,,ASH_COATED_OSMIUM,XIRECS,10006.0,4,2
908800,,,INTARIAN_PEPPER_ROOT,XIRECS,12904.0,7,2
911500,,,INTARIAN_PEPPER_ROOT,XIRECS,12918.0,4,2
913400,,,INTARIAN_PEPPER_ROOT,XIRECS,12917.0,5,2
914400,,,INTARIAN_PEPPER_ROOT,XIRECS,12910.0,7,2
917000,,,INTARIAN_PEPPER_ROOT,XIRECS,12920.0,4,2
920200,,,ASH_COATED_OSMIUM,XIRECS,10003.0,4,2
922300,,,ASH_COATED_OSMIUM,XIRECS,10001.0,6,2
922400,,,INTARIAN_PEPPER_ROOT,XIRECS,12915.0,3,2
922700,,,INTARIAN_PEPPER_ROOT,XIRECS,12916.0,5,2
923000,,,INTARIAN_PEPPER_ROOT,XIRECS,12916.0,7,2
923500,,,ASH_COATED_OSMIUM,XIRECS,10017.0,8,2
924900,,,ASH_COATED_OSMIUM,XIRECS,10000.0,2,2
924900,,,ASH_COATED_OSMIUM,XIRECS,10016.0,5,2
927400,,,ASH_COATED_OSMIUM,XIRECS,9996.0,9,2
927600,,,INTARIAN_PEPPER_ROOT,XIRECS,12921.0,4,2
928600,,,INTARIAN_PEPPER_ROOT,XIRECS,12922.0,7,2
928900,,,ASH_COATED_OSMIUM,XIRECS,10015.0,2,2
929200,,,ASH_COATED_OSMIUM,XIRECS,10004.0,4,2
930200,,,ASH_COATED_OSMIUM,XIRECS,9997.0,3,2
933000,,,ASH_COATED_OSMIUM,XIRECS,10017.0,9,2
934300,,,ASH_COATED_OSMIUM,XIRECS,10015.0,2,2
935100,,,INTARIAN_PEPPER_ROOT,XIRECS,12931.0,4,2
936200,,,INTARIAN_PEPPER_ROOT,XIRECS,12932.0,7,2
936700,,,INTARIAN_PEPPER_ROOT,XIRECS,12930.0,3,2
937400,,,INTARIAN_PEPPER_ROOT,XIRECS,12941.0,3,2
937600,,,INTARIAN_PEPPER_ROOT,XIRECS,12931.0,7,2
939400,,,INTARIAN_PEPPER_ROOT,XIRECS,12943.0,8,2
940100,,,INTARIAN_PEPPER_ROOT,XIRECS,12930.0,5,2
941400,,,ASH_COATED_OSMIUM,XIRECS,10014.0,6,2
942800,,,ASH_COATED_OSMIUM,XIRECS,10013.0,6,2
943700,,,INTARIAN_PEPPER_ROOT,XIRECS,12951.0,3,2
944500,,,ASH_COATED_OSMIUM,XIRECS,10015.0,10,2
950000,,,ASH_COATED_OSMIUM,XIRECS,10019.0,4,2
951400,,,INTARIAN_PEPPER_ROOT,XIRECS,12958.0,3,2
954500,,,INTARIAN_PEPPER_ROOT,XIRECS,12948.0,4,2
954600,,,INTARIAN_PEPPER_ROOT,XIRECS,12948.0,4,2
955100,,,INTARIAN_PEPPER_ROOT,XIRECS,12951.0,8,2
956900,,,INTARIAN_PEPPER_ROOT,XIRECS,12947.0,5,2
957200,,,INTARIAN_PEPPER_ROOT,XIRECS,12950.0,7,2
957900,,,INTARIAN_PEPPER_ROOT,XIRECS,12965.0,7,2
958900,,,INTARIAN_PEPPER_ROOT,XIRECS,12955.0,7,2
960600,,,INTARIAN_PEPPER_ROOT,XIRECS,12956.0,3,2
960600,,,INTARIAN_PEPPER_ROOT,XIRECS,12956.0,2,2
961600,,,INTARIAN_PEPPER_ROOT,XIRECS,12955.0,3,2
964900,,,ASH_COATED_OSMIUM,XIRECS,10004.0,2,2
965100,,,INTARIAN_PEPPER_ROOT,XIRECS,12958.0,6,2
966200,,,ASH_COATED_OSMIUM,XIRECS,10003.0,5,2
971300,,,INTARIAN_PEPPER_ROOT,XIRECS,12975.0,3,2
971600,,,INTARIAN_PEPPER_ROOT,XIRECS,12967.0,7,2
972000,,,INTARIAN_PEPPER_ROOT,XIRECS,12965.0,3,2
972600,,,ASH_COATED_OSMIUM,XIRECS,10002.0,3,2
974300,,,ASH_COATED_OSMIUM,XIRECS,10018.0,4,2
975500,,,INTARIAN_PEPPER_ROOT,XIRECS,12969.0,6,2
978800,,,INTARIAN_PEPPER_ROOT,XIRECS,12972.0,4,2
980200,,,ASH_COATED_OSMIUM,XIRECS,10000.0,4,2
985800,,,INTARIAN_PEPPER_ROOT,XIRECS,12981.0,5,2
987400,,,ASH_COATED_OSMIUM,XIRECS,10016.0,9,2
989200,,,INTARIAN_PEPPER_ROOT,XIRECS,12993.0,8,2
989900,,,INTARIAN_PEPPER_ROOT,XIRECS,12986.0,4,2
990200,,,INTARIAN_PEPPER_ROOT,XIRECS,12983.0,6,2
990400,,,ASH_COATED_OSMIUM,XIRECS,10006.0,2,2
990700,,,INTARIAN_PEPPER_ROOT,XIRECS,12998.0,6,2
990900,,,INTARIAN_PEPPER_ROOT,XIRECS,12984.0,6,2
991300,,,INTARIAN_PEPPER_ROOT,XIRECS,12984.0,3,2
991600,,,ASH_COATED_OSMIUM,XIRECS,10018.0,5,2
993100,,,ASH_COATED_OSMIUM,XIRECS,10017.0,3,2
993400,,,ASH_COATED_OSMIUM,XIRECS,10000.0,3,2
995000,,,INTARIAN_PEPPER_ROOT,XIRECS,13002.0,4,2
998000,,,ASH_COATED_OSMIUM,XIRECS,10000.0,6,2
998400,,,ASH_COATED_OSMIUM,XIRECS,9999.0,5,2
998400,,,INTARIAN_PEPPER_ROOT,XIRECS,13005.0,4,2
